GEOID10,canrate,nitr_mean,nitr_min,nitr_max,nitr_std,nitr_count
55037190100,0.03,3.2466335371048407,2.589349672045767,6.042547921979017,0.6591834806768793,549
55037190200,0.11,2.8988796381174198,1.9473777622487276,6.040552237618269,0.4880462861394288,734
55019950300,0.09,4.671277379958937,4.360866022430295,5.436502634689774,0.19028802278266918,289
55019950700,0.01,4.365397038643975,3.9082998972304757,4.8581489482858995,0.16715207106449428,104
55019950600,0.13,3.733520393471423,2.4024493800724382,5.38358968436854,0.4793482536293514,570
55019950800,0.28,4.4601743364873645,3.697717196304173,5.94086355249323,0.22364161746762018,804
55019950200,0.14,5.144490215210931,4.211686451063484,6.436059710194522,0.3223901601503182,316
55019950500,0.1,5.136950867876207,3.9482330121766314,7.106936850508046,0.3943548015199664,417
55019950400,0.15,4.922941870829529,4.551260474070174,6.84335239928915,0.2935333799049655,574
55019950100,0.05,5.344400506651578,4.159495261884934,7.159695402332695,0.5245839539514651,107
55031021100,0.01,-0.5320098280050706,-1.079950183717966,0.11656600921234558,0.39394133309080215,11
55031990000,0.07,1.940362075622985,0.8117106235189256,2.3533784758648064,0.3171911721169503,342
55031020900,0.01,0.03367560002774462,-0.3271878825714252,0.3263309614224548,0.23874675007520052,7
55031020600,0.01,-0.5221295834630877,-0.6354420962165868,-0.4088170707095885,0.11331251275349913,2
55031020500,0.01,-0.8775587626949608,-1.1035315590200003,-0.6675406530665207,0.16416771717191017,4
55031020400,0.01,-0.7547143286245226,-1.0338073916109596,-0.49749702853640065,0.19026331162320512,4
55049950600,0.15,6.179992655244638,5.274582673834566,7.0751935365492304,0.37100629338076124,161
55049950400,0.13,7.778286154870896,6.480078012845073,9.737245567134778,0.7713909745866404,64
55049950300,0.52,5.424746347097693,3.289603158616726,6.983245064509792,0.655745359824378,394
55049950500,0.63,7.124626761228642,6.456756162689095,8.860707050324013,0.4107743509179137,460
55049950200,0.61,6.598261096798433,5.707230985252596,9.809004637007629,0.7493015070768022,423
55049950100,0.58,7.304892102334713,6.08452308721105,10.263239466926732,0.5625677599669457,490
55031020300,0.01,-1.174815842939283,-1.2103121003001156,-1.1393195855784501,0.03549625736083273,2
55031020800,0.02,0.45664749673627875,-0.37867355017571647,0.9641799028533089,0.3854036740775765,24
55031020700,0.04,0.8657421796659651,-0.2573373038986409,1.5301358551107451,0.44301033994718253,36
55031030200,0.11,1.2196198134640999,-0.9707299079712833,2.067258499529159,0.6391453900036846,534
55031030300,0.54,2.049311463582521,0.38188311839696454,2.3266742867480232,0.24687287724625476,2069
55031030100,0.16,1.5289830653519199,0.164084673213471,2.0337303007037693,0.3544121356487147,745
55031021000,0.01,0.6904461113003689,0.33878695542318293,1.195993419790939,0.2031746625400164,56
55059002300,0.01,4.900708972212092,4.722253568789666,5.161330708042888,0.14664649334180885,5
55059002200,0.01,4.700958045802357,4.656962353922591,4.744953737682123,0.04399569187976615,2
55059002100,0.01,4.713703306731831,4.695435001502278,4.7319716119613835,0.018268305229552695,2
55059001800,0.01,4.607668910653893,4.592499036055686,4.6228387852521005,0.0151698745982074,2
55059001700,0.01,4.721171909407523,4.721171909407523,4.721171909407523,0.0,1
55059001300,0.01,5.400025149734915,5.080425286151712,5.58968182071592,0.22730226494959788,3
55059001200,0.01,4.848173355799705,4.834063231170761,4.8622834804286486,0.014110124628943677,2
55059001100,0.01,4.711331423286997,4.711331423286997,4.711331423286997,0.0,1
55059000900,0.01,4.750952265234158,4.716708179849689,4.7851963506186275,0.034244085384469436,2
55059000800,0.01,4.959472400036242,4.959472400036242,4.959472400036242,0.0,1
55047100600,0.44,3.7004925603185543,2.7173491474997205,5.717935042522107,0.6495040676703194,273
55047100500,0.28,4.208939972928227,3.0241820469985194,5.398179957964254,0.556231622970351,240
55047100400,0.28,2.6472284000193156,1.8943045485335195,3.470199564390223,0.3040424016097969,129
55047100300,0.49,2.925359273489052,1.0340999660821473,3.786686259276501,0.5144684556082357,291
55015020800,0.01,0.5684162852897092,-0.5028937256903199,1.0016183772397178,0.49127490917879346,8
55015020700,0.01,1.1203805858193203,1.0243402556451207,1.2291651617301482,0.06532904792147251,6
55047100200,0.01,2.0788725504233594,1.6667726075730707,2.429244698685611,0.23614752006187875,14
55047100100,0.08,1.8165100509814776,1.2056094613779134,2.6316989085771416,0.36886089262542743,32
55015020308,0.03,0.8483660977319238,-0.5320014019339759,1.5013759153284472,0.5370423204422635,21
55015020303,0.01,-0.011756888569424633,-0.24993278687772014,0.2516123857542125,0.22805179808321285,4
55015020304,0.01,0.6204105348707447,0.5186063124036482,0.780217327556576,0.11440659778853317,3
55015020306,0.14,1.4177747395748201,0.5404148580837759,1.909651689679296,0.28275240020257386,140
55061960500,0.14,2.7800537889869483,1.3707497724856204,4.973008691046868,0.48829027291930016,282
55051180300,0.11,1.1104096327246638,-0.8237058280498928,1.8859599550446755,0.4487587565446283,968
55061960400,0.24,2.5313478940436602,-0.5522771535725276,5.397143769918994,0.6977489755849159,400
55051180100,0.01,1.7737798553371305,1.734169885913469,1.813712651205658,0.019726658837784596,32
55061960200,0.14,2.998257967475287,2.7316913779923757,4.532760763546902,0.24712073822923628,223
55051180200,0.12,1.3853576203772113,-0.5105491468373059,1.819999600809175,0.40110346509044736,1074
55051990000,0.05,1.5665612879311217,-0.804314494470276,2.161118028212404,0.5132183114001105,298
55057100300,0.09,4.170712507972808,3.9122916904633263,4.503561780599962,0.13948295417415799,201
55057100500,0.01,4.329581854679086,4.032932086702636,4.851369160772739,0.20773020294560052,19
55057100600,0.08,4.448248146880103,3.7868781522374038,4.635212592336439,0.1518995595491734,152
55055101702,0.26,3.3689902750896206,2.8514959364890347,4.238629763223027,0.19343367844239873,104
55055100300,0.05,3.6747448909945395,3.490538940997227,3.8977989287880486,0.1150790612998022,13
55055100200,0.01,3.3649410040813006,3.3156511517485363,3.4142308564140644,0.04928985233276406,2
55055100100,0.02,3.486577074498182,3.173712590794218,3.784526236079941,0.15246040764835658,18
55055100400,0.39,4.566782550403557,3.2005550832664658,6.244174353393798,0.5829036163649332,222
55061960100,0.01,2.864987854852471,2.8408431562992105,2.8901759835487795,0.015377899653072215,11
55057100200,0.11,4.041904890566244,2.6303647691041965,4.5922788865485344,0.2537345397041772,367
55057100400,0.04,4.258281047474699,3.266906522308534,4.9856830567409975,0.31229499811413575,207
55057100700,0.13,4.623820464467147,3.5398328785926565,6.2792593689232525,0.33406344499952206,403
55057100100,0.38,3.5035965733043906,0.845606703974672,5.351125352506035,0.4750117660784696,734
55055101100,0.03,4.896372084975524,4.796344820598804,5.014042560944919,0.06791681349258578,11
55055101202,0.07,5.548793012189062,4.738141314314894,7.003175886713702,0.48746951668242344,45
55055101500,0.02,5.270224505982465,5.0663293088781955,5.4070100713826115,0.11122235037177425,6
55055101400,0.01,5.52298008753265,5.413362429806161,5.605994056144834,0.06463752804747183,8
55055101300,0.01,5.418633079970262,5.088644283906559,5.630826036782114,0.14013361285818113,16
55055100900,0.47,4.811357596596218,3.883273752760243,5.866649454881827,0.40357041473682514,206
55055101701,0.18,3.9230021576472347,3.5612520660843137,4.386037294028449,0.19833499484294687,87
55055100800,0.35,3.7040102381533453,3.1094744218601846,4.487494029246489,0.30646519050534826,153
55055101600,0.33,5.916010695875524,3.8874220331955085,16.796159855930238,1.9341121086790438,159
55055100601,0.14,5.542055746508499,4.6882704772074355,6.543242912854954,0.42705773328866886,72
55055101000,0.01,4.655974886624821,4.454506700396536,4.781377927681412,0.08997268057534831,16
55055100700,0.22,4.3632360436204385,3.872064963874421,4.7586360279695725,0.21566506693710755,117
55055100602,0.27,5.404722612359271,3.916763608520228,8.367569145084504,0.8563173929039446,117
55055101201,0.27,6.2391463493158374,5.0436200369142545,8.216600430673196,0.5341650407629241,140
55055100500,0.04,4.922324773593948,4.7586220849154195,5.090907071778373,0.1030486778203724,26
55063001200,0.0,3.9033368236180372,3.8199871979737567,3.9866864492623173,0.08334962564428028,2
55063001000,0.01,4.372342700116029,4.372342700116029,4.372342700116029,0.0,1
55015020600,0.14,2.9362403441144838,1.0977694409929761,5.805056068374993,0.8366102205766776,94
55015020500,0.11,1.9768016766476668,1.1373042829420237,2.6139087793618025,0.32416060306503236,96
55015020200,0.35,1.8975293506256532,-0.6267027546681158,3.4391682353938084,0.5894243355272797,252
55063001101,0.01,3.9703924531734303,3.831429194868817,4.1093557114780435,0.1389632583046132,2
55063000800,0.01,4.644146909696804,4.644146909696804,4.644146909696804,0.0,1
55063000500,0.0,4.874668439061824,4.804394056021461,5.01409679934722,0.09859180008564662,3
55063000600,0.01,4.994899358958923,4.777447064282772,5.103667931735498,0.13073723135856777,4
55063000100,0.02,4.719404083248853,4.482356169296449,5.05831569464054,0.18385120112873196,7
55063010600,0.12,4.377643585315301,4.119562746994928,4.81293879114894,0.14434763720348137,62
55063000400,0.02,4.617962621281281,4.5832000971205895,4.652725145441972,0.03476252416069103,2
55063010203,0.06,4.4566797701790115,4.400991986687883,4.497842687046229,0.028419589801691795,12
55063010300,0.03,4.638586961939914,4.19743559376359,5.26223253879878,0.28737220106737044,13
55063010800,0.73,4.3303269183005275,3.792650654532924,4.52188756492116,0.088726485942068,296
55063010402,0.02,4.406169702180856,4.374914954296503,4.453976200006631,0.024832745047880717,8
55083101200,0.05,2.4542809090906506,2.3895885083044606,2.5126287935436413,0.032632365556134336,98
55083100800,0.06,2.5467326567434934,2.458498864394809,2.6182374723408035,0.03796217460001295,228
55083100700,0.05,2.4541823927325748,2.3128681980004786,2.581396478083601,0.06134969131313307,163
55083100500,0.19,2.705852303391412,2.298595287026648,2.9776678357025084,0.08510171081389661,454
55083100600,0.17,2.126458048446857,0.5980195505065544,2.6604119598953773,0.37396371753075075,298
55083100300,0.25,2.8605598264561594,1.529093539544713,3.554188346838367,0.26963792312259177,621
55083101300,0.11,2.197565420475372,2.037919252488668,2.413128116698935,0.10585894987847771,292
55083101100,0.12,2.2824109940905917,2.076559135070715,2.4662085209180877,0.0901518581823812,258
55083101000,0.05,1.9648001808600102,0.3904741763355162,2.4221604363184914,0.4297819084625014,129
55083100900,0.04,2.2290448121474253,0.13268336137642026,2.5912529314990436,0.4683896739723481,131
55083990000,0.13,2.1601649449260596,1.8023543696943216,2.4939554294148247,0.12395899316060018,312
55093960400,0.0,5.836421079959723,5.8208855284069205,5.853648337083506,0.01412997761748747,4
55093960600,0.09,5.123053202600319,4.896091547107884,5.715954632144159,0.14881291930737076,299
55093960700,0.07,5.232502075482468,5.008094143326871,5.60764288569631,0.15970605678215588,113
55015020400,0.32,2.182762947793168,1.1890726536069458,2.865801423241386,0.3195574317578971,314
55015020100,0.12,2.1035376487349167,1.6982121772965266,2.7997460811546704,0.2391501932005648,97
55063001102,0.01,3.9340348048522933,3.729837723265937,4.123346111450882,0.1609935870683843,3
55063010500,0.01,4.400933473996388,4.199138405443028,4.646557562038564,0.13624574845069054,12
55063000200,0.02,4.773550405838513,4.6647695726882334,4.870396329694026,0.06500239426235348,6
55063000900,0.03,4.309934514662157,4.01171080493215,4.567312529663185,0.18536723028345342,8
55063000700,0.01,4.484460768929833,4.255783041570769,4.757338094863281,0.2134230133235248,6
55063010401,0.1,4.319246385879222,4.126996470205286,4.438274280130606,0.06719311438527384,56
55063010700,0.25,4.259142117766663,3.7253337261409762,4.33554850979134,0.07350456121224958,81
55063010101,0.81,4.392881439480992,4.147299829976157,4.951484986479522,0.07708442897317618,354
55063000300,0.02,4.73148170602616,4.5524219786725295,4.963806881005781,0.14758398330260325,9
55063010201,0.41,4.491983946879641,4.368842917858178,4.819885712029888,0.08813169640980399,173
55063010102,0.02,4.038078867075033,3.8718061173790526,4.273331158393508,0.10630070187452632,11
55063010202,0.3,4.517538970531608,4.203358670546914,4.907718494843346,0.13123985833125015,123
55093960300,0.01,5.809558264161872,5.689256978433822,5.88758246796951,0.07024819760809188,6
55093960100,0.07,4.858109786643696,4.644735678231594,5.20582630437039,0.12522348339645695,183
55093960800,0.14,5.124923751971222,4.66341392333959,7.4400414024768615,0.39363673646848846,457
55093960200,0.14,5.300134762392178,4.92803945129053,5.800902887418669,0.20021487262645052,311
55093960500,0.08,5.529284365619373,5.144952278772333,6.3355042289657435,0.251328569407622,160
55085970602,0.24,1.524918336693857,-0.43820622288450395,2.57254384386893,0.5873205769644849,406
55085970601,0.03,2.336052912958833,1.977146640222441,2.5633930365705613,0.154596787545457,74
55085971001,0.28,2.578520377506362,0.20008641528580196,3.2265152175184952,0.44098524382623905,537
55085970101,0.07,1.9228120797082253,1.4279899587393727,2.2081335967165927,0.1914743168235564,179
55085971002,0.19,1.889911268560713,0.7562038703868443,2.580719573051266,0.36497016562881385,377
55085970102,0.46,2.453143318280855,-0.7490663194871446,3.810301168410557,0.6731626961817986,880
55085970800,0.06,1.1114531283326636,0.6653335416414613,1.391236436457903,0.2063927882503229,100
55085971400,0.01,2.6643842957060992,2.6340021997788634,2.7219024314257414,0.02655454030118916,9
55085971100,0.03,2.627150508655952,2.0172243539430035,3.0262765161699408,0.17139093767940827,175
55085970900,0.11,1.453974782540679,0.005925045276573114,2.061300082209075,0.3339678008027029,221
55085971500,0.0,2.5779134649717976,2.5151243041893325,2.6265718361027734,0.03222459136805667,19
55023960500,0.01,4.395428025340422,4.359013660722749,4.430335950668699,0.0291366811228618,3
55011960200,0.01,4.9484880491491445,4.831853909027444,5.02375095230296,0.050107918129931504,30
55023960200,0.15,4.184974650978604,3.6681917065985385,4.424909704242281,0.15572571888115358,400
55023960400,0.14,4.3502274523786095,3.492228292476646,4.582547919081316,0.27006484959156823,232
55023960300,0.16,4.5192942656397825,3.5677873603057635,5.248967186047565,0.2696417978787852,538
55023960100,0.11,4.2663477489117065,2.7915789239076845,4.7909972636668385,0.24507611534428483,361
55011960400,0.02,4.664840033859358,4.432389461152665,5.104939462183977,0.0949276621235258,351
55023960600,0.0,4.200568205499547,3.819630960831208,4.392484311368253,0.13497371266342467,32
55011960100,0.12,4.757901028727129,4.606934135363602,5.43329687278884,0.13505560796575758,605
55011960300,0.1,5.030167799485393,4.522642838121864,6.417219421858246,0.38118820126822117,372
55085970500,0.03,2.5183002716556975,1.994769637556016,2.7007781428406483,0.1420814807732028,88
55085970400,0.03,2.7408164786836764,2.6063356556005024,2.883881141108765,0.06750098125591456,93
55085971300,0.03,0.8029520614140275,0.13621936042464283,1.3363695049327318,0.33140429636171037,41
55095960600,0.06,3.2496819168969955,2.6259107050663495,3.7045210479501725,0.25159972700794914,84
55095961000,0.06,4.482697937035581,2.3176315832431316,5.985124261607845,0.9384040638887335,102
55059002906,0.05,4.609418205556401,3.744112571317871,5.489107439053113,0.4121679757704881,20
55059000700,0.01,5.042593259634314,5.0079214239324354,5.077265095336193,0.034671835701878706,2
55059000500,0.01,4.764391095269426,4.262782793822751,5.43982406367021,0.3951887653480359,5
55059000400,0.01,5.1580491423956,4.938135426185461,5.3779628586057395,0.21991371621013922,2
55059002700,0.18,4.504405252818833,3.940561807041851,5.3757258759348305,0.196557522330253,100
55059002800,0.39,4.5004171301561495,3.442673396893928,5.71477069629706,0.4059226301780258,243
55059002000,0.03,4.693094352299015,4.371655383834658,5.26960933977475,0.21187710079290045,23
55011960500,0.12,4.612378408486705,4.496541010277055,5.145569633016005,0.09532715703687855,481
55095961100,0.17,4.622745269815585,3.807465465128971,6.637837886519553,0.435395870390735,229
55095960200,0.07,2.4265819499208443,1.1102464741961142,3.167376501376865,0.46042258203109937,353
55095960800,0.08,4.434832300572667,1.2217296500971773,5.3229944249528955,0.8242578450276681,188
55095960100,0.2,2.710795150774,1.5747970758374106,3.6597744643537675,0.3290095912187184,461
55095960700,0.07,3.335307793289645,1.4143380926137914,3.891335136109633,0.4763179541423701,134
55095960500,0.06,3.8491620806579747,3.286177347653933,4.874106694296559,0.2552945864251265,231
55095960300,0.13,3.0551877216644923,0.6437058614317653,3.9154731582257636,0.492640867256654,424
55095960900,0.12,4.658186499867838,2.4531502372184364,6.0133989329334225,0.6839720936158662,277
55059001900,0.01,4.505243035842622,4.470214191596476,4.5395275462652815,0.028301952918382386,3
55059001000,0.02,4.505161815955194,4.4361328474745925,4.574190784435797,0.06902896848060225,2
55059000300,0.01,4.49695198552263,4.319627450811655,4.583288297466296,0.10679084599121626,4
55059000100,0.02,3.7649722688484495,3.358944527006324,4.2147190788353885,0.24713799005795709,14
55059003001,0.06,4.974956264375686,4.269579202061024,5.302268879121395,0.2388075851606583,25
55059003002,0.07,4.729574661700039,3.4489338782894317,5.461917565239342,0.36997747025534317,40
55059002903,0.07,4.983462709483761,4.611604714093729,5.813181568784114,0.33748772677239713,20
55059002904,0.07,5.330840276204968,4.880891413049372,6.022641508583585,0.26708612391794845,34
55059002905,0.03,4.736907780466639,4.595514083350956,4.830903229903014,0.074361002114688,12
55059002602,0.11,4.942009931497189,4.393182782616551,5.874069096037334,0.3304438441083695,55
55059002601,0.02,4.761794768811845,4.620559589620696,5.07214953077834,0.13169529587758938,10
55059000602,0.01,4.599505039614665,4.069053301024096,5.182003295329218,0.40378539540594155,7
55059000601,0.11,4.321207981157918,3.4307814250213045,5.9033008009623025,0.5790402138181022,60
55059002500,0.01,5.498934060200458,5.066698543720734,6.01273355178638,0.34078342971524356,6
55059002400,0.01,5.0947732887655635,4.765822697031356,5.472286679901316,0.2904497648904859,3
55059001600,0.01,,,,,0
55059001500,0.01,4.809743449724145,4.763044691985335,4.856442207462955,0.04669875773881005,2
55059001400,0.01,5.3028087678749785,5.058473381628413,5.628417179019746,0.24303862455484143,5
55033970800,0.01,4.4522443876167115,4.399148303057858,4.533339081732419,0.03665855301761982,12
55033970700,0.01,4.347570895742415,4.010173419439398,4.466161177464515,0.11399500235211661,41
55033970100,0.26,4.398949655328834,4.0448697194061625,6.763093677410735,0.27632947485380144,653
55033970600,0.15,4.46102405688365,3.433640436275164,5.1201031443130764,0.1856726565293331,461
55141011500,0.07,1.7907333645313734,0.2539992566326897,3.5149868950081795,0.9969574371442133,33
55141011400,0.01,1.0169636098327337,-0.09735427616944592,1.7744132146133824,0.5111874930090201,15
55141011300,0.02,0.6073009026169301,-1.136584254925539,1.4103153088375682,0.7168127248550715,12
55141010700,0.36,1.2180803952373123,-1.132227327330415,4.233686804036803,1.038790401946247,270
55141010500,0.01,1.848547988194479,1.2711892891062597,2.7643521348675,0.5083819288158231,5
55141010400,0.01,1.9686835420936626,1.273835501030584,2.8112016124830412,0.41446531123323305,14
55141011100,0.12,2.5141993928924102,-0.3076234943129289,5.147010784255536,0.8612172834503398,117
55141011000,0.06,2.680634616866433,0.8778491605292342,3.8054670513581086,0.7809147434265505,36
55141010900,0.4,1.2622921402573497,-1.0779650657645852,2.587995660790154,0.5640113130047715,420
55141010100,0.42,1.5421932023817162,-1.343517138158766,6.218097260519947,0.9892802430686454,363
55035001700,0.01,5.2330814820905465,5.162509983759572,5.325532116942797,0.06832801493818755,3
55035000801,0.01,5.680066267857526,5.528792876211472,5.8313396595035805,0.15127339164605402,2
55035001101,0.01,5.190615709352014,5.190615709352014,5.190615709352014,0.0,1
55035000700,0.01,5.430355172952884,4.94467136589118,5.7774252083662425,0.2745182790223753,6
55035001200,0.02,4.937998174037302,4.741855737831737,5.059681186221976,0.1257004474998666,5
55035000600,0.02,4.872413217493755,4.2971812984555955,5.427277358000691,0.3952752799252605,6
55035000400,0.06,6.3406020898469535,5.526684446854597,7.956893394766924,0.6960638232607086,16
55133204003,0.2,3.172627910713014,2.4303706652983204,3.707661320720042,0.3300584515271926,31
55133203901,0.07,4.528140014547486,3.6646899085446334,5.788310838412193,0.639521883879262,14
55133203703,0.11,2.374765922389234,2.1102400220719866,2.6796806951915912,0.15960017586552255,15
55133203305,0.07,2.4490984490481584,2.392479314853031,2.509138948863237,0.04322042528631591,11
55133202901,0.03,1.967313467417899,1.7582123440975568,2.1540538049969618,0.13627920649805295,6
55133202103,0.04,2.8622718764788813,2.0772027301903098,3.740243152490799,0.38942082548860923,16
55133202101,0.12,2.6032479308418783,2.4252072203157593,2.6868087492983475,0.06991255245545146,15
55133201703,0.08,2.391670055690628,2.2728403267009476,2.447778389104501,0.05379966084736232,7
55035001400,0.0,4.948866077541485,4.630221516197741,5.306841244595696,0.2384172453076446,5
55035000802,0.01,5.339153781686649,5.211013768947209,5.56999105531415,0.10764235479931542,7
55035000803,0.03,5.667803322605541,5.4663525673588325,5.946530810124653,0.1655983369141465,6
55035001600,0.42,5.350646275977408,4.277511685921305,6.896729386482613,0.4107989560991442,329
55035000301,0.08,4.77864340218906,4.11067490997224,5.710708670454102,0.26248594465212666,79
55035000200,0.54,5.2218127884085535,4.529028935986571,7.601736457983611,0.6754030917909403,464
55035001300,0.05,5.445209314864261,5.083594759531708,6.165550462094575,0.368085993051182,13
55035000900,0.01,5.242124437170573,5.1518540646275675,5.2903757406870975,0.04925884795650121,6
55035000302,0.22,5.232155385686435,4.30886630738342,6.559885815957581,0.2649530552687968,142
55035001500,0.14,5.383084467156426,4.7741679165832736,7.854598515335366,0.5781939353066191,82
55133201403,0.05,2.216924649590101,2.0857738625776077,2.322838868915697,0.07968589177061955,8
55133200804,0.06,2.4054111290168247,2.1397255530165,2.8592451136055517,0.2337867344539228,6
55133204302,0.01,2.884476073736668,2.541330908218197,3.2743429727807336,0.26250500975925245,6
55133204004,0.48,3.081262706175314,1.319769697238807,4.113155145616804,0.6319678110435573,80
55133204301,0.05,3.081709967518903,2.916472129139755,3.6648693242863293,0.26130050122314136,12
55133204502,0.13,2.7066649570718573,2.455599149185735,2.950097955811756,0.15650934045262582,18
55133204501,0.3,3.05199491212406,2.924385771820011,3.2420282587633436,0.07204018389089563,63
55133203704,0.1,2.1950869506173376,0.9013799371114909,3.1609158220588793,0.6007100638714816,21
55133203902,0.08,4.016615740518741,3.6305130728780934,4.673023143960693,0.28881446239152386,12
55133202102,0.14,2.704280177010566,2.4687236832589816,2.825551278967858,0.08995731153784792,18
55035000100,0.76,4.772857774971114,4.392079868435169,6.767060532979701,0.3377349218972437,497
55035000501,0.01,5.73604805186896,5.570075439018383,6.0618288014833475,0.17949456661278404,5
55035000502,0.0,5.234665876985302,4.631635654104784,5.685175753867216,0.3272992186107923,9
55133201704,0.17,2.131827424782255,0.586884447883514,2.756138009735517,0.6840412164418116,21
55133202902,0.03,2.12428219450913,1.9249380025484197,2.2767013457205634,0.12837061297667304,6
55133201404,0.03,2.549618471745476,2.3954583314978404,2.7479539102652675,0.125964788101907,8
55133203303,0.03,2.604473690534338,2.436410453712109,2.731501753047939,0.07748966356251451,13
55133203304,0.13,2.2229133742474985,1.7266851031429198,2.709136492716107,0.2682648452291,16
55133200803,0.02,2.2167037589421064,2.1327733599614684,2.3513905079444553,0.08250021311259667,6
55133200201,0.05,2.03761033137903,1.8527984269130828,2.3402622256048735,0.12770577569641664,9
55133201402,0.02,2.323575591976542,2.291189653542162,2.3643501080982268,0.030450935447311228,3
55133200102,0.04,1.7926375160564838,1.4826041567092016,1.9660544405426519,0.18675575032632719,4
55133200103,0.02,1.8175062300332652,1.4161537929283892,2.1311389223520965,0.24867019236421586,6
55133200600,0.01,1.877342063656585,1.7988995358301068,1.9557845914830634,0.07844252782647831,2
55133202700,0.0,,,,,0
55133201701,0.04,2.16380621371045,1.6337908381970034,2.457733435445813,0.2807231710742049,8
55133200901,0.04,1.1183472507996188,0.31089604528231995,1.5910635595015163,0.5175986297238998,7
55119960500,0.0,4.967612589948551,4.867986555284363,5.091108391087889,0.06434751652500745,10
55119960400,0.07,4.658292310914842,4.26354983852301,5.2261612090514085,0.1916884080626236,189
55119960600,0.02,5.3692588231021885,4.578449219362696,7.423760366538652,0.6324486917678477,272
55119960200,0.23,3.8260665574566333,1.8330730462067581,4.604975109667769,0.468045482005806,828
55119960100,0.11,4.509285395385868,2.180845992526747,5.944437337933705,0.618878472173734,571
55119960300,0.12,4.179962823473154,3.1423380872542466,4.752280088407168,0.32676949634180935,670
55133201504,0.04,2.193610436152291,2.1422322482081317,2.2716089106994963,0.05380801081290825,4
55133201506,0.06,2.744167954916739,2.360350143443797,3.598665803196094,0.3250041940153435,15
55133200902,0.05,1.81717990452116,1.5557036839030183,2.036121389654426,0.1687877016549546,8
55133201800,0.05,2.445415045023387,2.3576663278016112,2.4937800406700315,0.05298941976235699,4
55133202800,0.04,2.284491973900459,2.258376227735003,2.310607720065915,0.026115746165455977,2
55001950501,0.07,4.365004191406276,4.094676710922243,4.486492068567474,0.052366632608542185,128
55001950201,0.05,4.759699361272534,4.04569650695536,6.376152658799022,0.42608778682755777,120
55001950502,0.11,4.555085432406571,3.967651077588938,5.901422564215962,0.30018331105494517,257
55001950202,0.22,4.1843178721015954,3.703956297975979,5.853649882974189,0.30920523575728864,517
55001950100,0.12,3.7620117405917486,2.6246569547376093,6.222752282989293,0.4895244823047401,263
55001950700,0.19,5.3041774258675085,4.46386309603172,6.729307527658543,0.4040190053812364,257
55001950400,0.14,4.454668346340609,4.2307342560124495,6.10239400517872,0.2467124487500872,240
55133200700,0.08,1.7328553612112616,1.3314294046474981,2.0043800431613454,0.21427623036486632,6
55133200801,0.02,2.1968259689250687,1.8027509284772005,2.798709079103387,0.22039682224539828,15
55133202302,0.04,2.313532466185572,1.8436596067341777,2.6871085671337824,0.2793713658397143,7
55133201600,0.2,2.743823951283713,2.0108828851878737,3.601309237761488,0.2854857887761259,32
55133202002,0.22,2.773813441311419,1.8945521740559315,3.091353471400219,0.2697908884757479,39
55133201505,0.04,3.4350731810178083,2.708740961763782,4.802615144286151,0.5892496827650392,9
55133202400,0.01,2.0423434634362616,1.6350756174226961,2.3297257460829934,0.24100364088336326,5
55133201503,0.04,2.415712667591978,2.393341161999635,2.453502062050028,0.022885040449506067,4
55101001504,0.02,2.5751092426513034,2.56310335660542,2.6139545915754168,0.01950054382028592,5
55101002001,0.01,2.711413293405816,2.621738434067349,2.806873364216442,0.060903234246663454,11
55101001801,0.09,3.29258678802516,2.6248266508118703,4.302996032949254,0.4548943501724166,16
55101001705,0.03,2.1595324112007854,1.7419851102326855,2.300484405713274,0.16627310362151318,9
55133200500,0.04,1.9901541913866838,1.8490333501501286,2.11890529547051,0.08779041943901904,9
55133203402,0.03,1.987303485419476,1.418715398153241,2.330238824304355,0.3479222802969575,4
55133204002,0.68,3.5998406749316647,0.8619513277950851,5.1471465946435035,0.6639692478689053,89
55133200202,0.06,2.0570586602383356,1.7543322419615806,2.314812553900272,0.17760022066034353,9
55133203404,0.06,2.121510239561679,1.573134263343696,2.5487431174385007,0.2751829879042395,9
55133203000,0.01,2.1910608913396397,1.7298871264562132,2.36699546932875,0.19530947120913864,10
55133203103,0.01,2.412458674412412,2.398703796200921,2.4262135526239037,0.01375487821149135,2
55113100500,0.16,1.839939900010079,0.1361661716430279,2.239084286369749,0.2978764717614481,930
55113940000,0.1,1.3011580361182498,-0.44509356578371234,2.3389164779825107,0.5031910271590248,387
55113100800,0.19,1.6803351315368564,-0.15250853847129017,2.1784815897644085,0.45613972076747183,1203
55113100700,0.09,1.8442423706891078,0.17635418807652384,2.641013230451658,0.40256373434411735,490
55113100400,0.04,2.122844832731078,-0.3270638624325577,3.5554000100095062,0.7182991117200757,397
55113100300,0.03,1.9007330694371252,0.9494877307656424,2.2292824912454234,0.30747785373592046,82
55125950600,0.49,0.5065227968689011,-1.726563701044629,2.7274352954277012,0.4482978101700282,1237
55125940000,0.2,1.0578892840568017,0.1403326010214373,1.8172313971411749,0.4235921119203893,335
55125950700,0.09,0.7313276869193736,-0.46800709238990224,1.1870765670718517,0.2590795460519234,215
55125950200,0.3,1.994596668354658,0.10290236874152782,3.732777220559862,0.5226775409767886,636
55125950500,0.05,0.6023960915591494,-1.2192195944289634,1.7295596534375484,0.5775542261548816,229
55101002701,0.04,2.5090705836808476,1.9855372071723674,2.9905723833845785,0.33141718605742765,5
55101002702,0.14,3.599113309290102,2.4215553236831258,4.770626080838022,0.5230255982740876,54
55101002002,0.2,1.817962524088869,-0.25412364842095264,2.793983011893608,0.6944052229888554,74
55101001802,0.25,2.373258088734609,0.28896930721830916,4.523837501124035,0.7293485136396144,74
55101001706,0.01,2.3286989488407115,2.286716105957556,2.416632456235068,0.05281763544982831,4
55101001505,0.0,2.6459705977361563,2.6141071638984,2.701175726105802,0.030529631952984616,7
55133203802,0.47,3.815302210736921,2.13692846272319,6.501321898316779,1.0675314157076994,67
55133203602,0.08,2.681858637029922,2.601762285673583,2.763497393696327,0.05553078017657671,8
55133203702,0.29,2.1271529574853987,1.2773511600299652,2.541756001259893,0.292777156118257,38
55133201300,0.15,2.4669062369151824,2.271560871337052,2.6391937967297157,0.11266672217579252,18
55133203102,0.03,2.5147708541868776,2.4566898662601737,2.551977018718047,0.029213005818582563,9
55133203804,0.3,2.285190498427376,0.4907476571103698,2.684975130601281,0.4235936095937108,55
55133200400,0.26,2.0794713972580823,1.9141987521724106,2.2694605238087093,0.07578713849000171,18
55133203101,0.04,2.465875434141941,2.4083047658655485,2.5142076043671495,0.03690988328866025,6
55133203803,0.19,2.277149083391974,0.9130460749921814,2.9686989817307508,0.501328543066892,31
55101002800,0.26,3.359225530926586,1.641564538526897,5.066663148629264,0.7666783593016884,89
55101001900,0.29,1.464691792059182,-0.3815379104503867,2.155078239019496,0.48165716680382287,96
55101001302,0.01,2.556915963134812,2.556915963134812,2.556915963134812,0.0,1
55101001301,0.01,2.5347917763166836,2.5347917763166836,2.5347917763166836,0.0,1
55101001003,0.01,2.5925198706274846,2.5925198706274846,2.5925198706274846,0.0,1
55101001002,0.01,2.621573807301791,2.621573807301791,2.621573807301791,0.0,1
55101000700,0.01,2.6007178740279504,2.6007178740279504,2.6007178740279504,0.0,1
55101000500,0.01,2.4615432870141,2.4411614121314322,2.48935096873443,0.020361979222578753,3
55133202500,0.03,2.3189165051066394,2.295356915493191,2.3465394110983584,0.021091781481352424,3
55133204200,0.07,2.6157163521797666,1.2304127950658268,3.2670015901352674,0.5141167577717961,12
55133202202,0.06,2.4791362343433048,2.433175868529857,2.5075825443496136,0.03280391201008688,3
55133203601,0.08,2.818013200599539,2.6601022645578616,2.9997967504778207,0.11317928922735393,10
55133202301,0.04,2.499187414641434,2.3981658649370696,2.6570758796463956,0.08999970824890588,6
55133202201,0.04,2.5760760191547303,2.542741579618947,2.607196051161894,0.020611384768077758,6
55133203500,0.38,2.8434390334353834,2.622832278169108,3.4163064243648016,0.140743435953036,62
55133201203,0.07,2.161993559647903,2.150809764292283,2.1911037139236944,0.016845166162749253,4
55131420401,0.01,1.1216383923098925,1.1216383923098925,1.1216383923098925,0.0,1
55131440105,0.22,1.8791861735634832,0.5956210388668501,2.7663144428128725,0.4147633252195139,45
55131440103,0.18,2.6666443129157127,1.7564783340264603,4.4501000180544725,0.6057093550157802,27
55131470203,0.03,1.7118649380145161,1.1768777305210774,2.0071262303365263,0.2425084112815763,12
55131470204,0.09,1.4554159044590789,1.0793215316583524,1.6515876821185735,0.161228086597204,9
55131440104,0.08,3.0601324243222456,2.5305811926904456,3.7925253949514377,0.2726472068392111,18
55131440106,0.47,3.2976446176375362,2.3567707981909223,7.1574024700909575,0.7364084713372526,100
55121100800,0.16,5.016550468880707,4.489984110175347,6.632828677702085,0.40420740413952966,216
55121100100,0.2,4.764520199761884,4.530384906960304,5.822139827332022,0.22511249720556192,229
55121100700,0.21,4.798300447248524,4.52276321690634,6.115556398464943,0.2190666109802813,298
55101000400,0.01,2.4851363125376262,2.4720474284427265,2.5072428921726604,0.01571982382073033,3
55101000300,0.01,2.2679528678059255,2.1977127602480078,2.3381929753638433,0.07024010755791776,2
55101000200,0.01,2.430331820717045,2.351198103588952,2.522733464819006,0.07065466935605035,3
55101000100,0.01,2.447808108448017,2.427039030914698,2.468577185981336,0.020769077533318914,2
55101001701,0.01,3.0287431580028135,1.8802158257051604,4.291366784818026,0.7001975080849274,13
55101001703,0.11,2.1509812147078704,0.7168550016970686,3.282815723236324,0.558651953512899,50
55101001702,0.05,2.090988393628403,0.49806306368361125,3.6283488012092775,1.1211429025021435,13
55101001202,0.0,2.4126073184969528,2.309878048485099,2.4899586713720794,0.0605671229657921,5
55107960500,0.01,0.5198416891030163,-0.45508649041189236,1.4359341980183733,0.5077789620167891,16
55107960400,0.1,1.6404585655633703,-1.6228370200646003,3.1834744362517644,0.8264226725273619,438
55107960100,0.19,1.890421049802894,-0.7328752135161132,3.4174230023887637,0.7358354925680968,992
55107960300,0.04,1.9938090704288183,-1.2657000982968314,3.62383868689962,1.1436482962761376,300
55107960200,0.2,2.394298761722443,-0.008026407777289215,3.840707539765874,0.8680808876522428,669
55133204400,0.08,3.058636168258811,2.344863541581338,3.540140958438305,0.33311099117039955,11
55133200300,0.28,1.929743443480169,0.9588479311806973,3.097647163477747,0.39693484574858534,38
55133203405,0.12,2.741740827496494,2.688229029540142,2.8528236671048934,0.049531015245778146,15
55133201202,0.03,2.2024256539193146,2.1460896052372553,2.250483886147386,0.02679532154118712,11
55133201102,0.05,2.175214965872647,1.585708472907104,2.642992289328795,0.38774501052655924,4
55133201101,0.05,1.9585741819097533,1.4482775880483232,2.2020017032194104,0.21463095223149925,12
55133201000,0.07,2.1373150444870155,1.8443110846444035,3.0709454312533278,0.3436914986865389,9
55133200101,0.01,2.024505497422494,1.8900575896994989,2.1589534051454886,0.13444790772299486,2
55133202001,0.39,3.0576640768025607,2.420246939791271,3.6688669424118108,0.28592959715032873,57
55131420105,0.05,0.9694530764577454,0.2526752136333578,1.473204753816989,0.4073872276313182,8
55131420106,0.06,1.8120145790071343,1.6522265234156923,1.9144307976948634,0.09877272599188722,4
55131420402,0.01,1.3172941634792024,0.9593835706134288,1.6294915582654828,0.275473472573752,3
55131450105,0.2,1.8930598918838986,0.6997565389617892,2.3193303882826926,0.30325069361063495,42
55131450106,0.18,1.9644990922981358,1.10922541907287,2.2631101512277843,0.27266089689769096,38
55131450104,0.24,2.5308169514947236,1.988851756940461,4.4786245884802005,0.46035080081793517,55
55131400103,0.48,1.8743745288884657,1.0762402360486307,2.440209768308558,0.29508330445618475,100
55131450103,0.18,1.769754142333246,0.9163478733307667,3.1324191848920346,0.36179401583840887,57
55131400104,0.46,1.2076441453662432,-0.4638208667031653,2.0720442990263246,0.43984032288467495,75
55131440200,0.05,2.817089537521695,2.7908887254916186,2.8432903495517707,0.02620081203007607,2
55121100300,0.17,4.853951601370974,4.6444901697177885,6.214852335972843,0.26993572982095526,197
55121100200,0.16,4.819518558385699,4.54875442610923,5.688919381170408,0.18505900183124122,288
55121100400,0.11,4.692945295094604,4.520667701507018,5.458599206891805,0.15079618212851248,226
55121100600,0.13,5.084494197010384,4.615818735149701,6.397536347095343,0.38197803231728716,189
55121100500,0.19,5.195813300718736,4.5142243845083145,6.975091498807584,0.4526233334393552,283
55101001100,0.01,2.4294252525384947,2.3299581416188433,2.514623455949036,0.07343046135424529,5
55101001001,0.01,2.600130180899836,2.600130180899836,2.600130180899836,0.0,1
55101000904,0.01,3.362652448797996,2.980847991731729,3.7139159019724475,0.25847694489582745,8
55101000901,0.02,2.7555997627917104,2.721884783892748,2.773081003792826,0.02384552952674467,3
55101000800,0.03,2.8993005486110435,2.476146042816772,3.260266964245755,0.2568776814105074,10
55101000600,0.01,,,,,0
55101000903,0.01,3.156165122029187,2.8971481959966194,3.4951118726348263,0.208945503777176,6
55101980000,0.01,2.3771723540848817,2.355501290826004,2.3988434173437594,0.021671063258877687,2
55101002100,0.21,2.9759725941274024,1.9451817442816133,3.7866317152149,0.4553782211176087,98
55133203403,0.07,2.027890459903057,1.4768806212056014,3.1222616737757263,0.45101869383567744,12
55133202600,0.03,2.331712960392501,2.303920538625327,2.3595053821596745,0.02779242176717367,2
55133203200,0.12,2.44660466045302,1.9424274055096222,2.582758928304727,0.16100880100080744,21
55133201900,0.27,2.46644603938509,2.234254081127567,2.6646607495855097,0.09663283551550866,47
55133203306,0.14,2.1242444233688302,1.4378908807896276,2.3378006598644685,0.21631924937511077,17
55133201201,0.02,2.0618936367897263,1.892790509236392,2.169576941267393,0.09809634374632883,5
55133204100,0.37,2.397456046173817,0.6025274226875846,3.2331626912345337,0.49248244797621443,64
55133203406,0.38,2.5998576162033973,1.8908053708679127,4.200332267243661,0.47109335117633766,49
55131470202,0.03,1.6422414736564255,1.0678972010264889,1.89998116273455,0.27864706723796173,6
55131460101,0.25,2.3629711760239522,2.1448271519548445,2.5769225757870977,0.11381860974846504,61
55131410100,0.28,2.178937162845423,1.2300600758422195,2.5251243219223034,0.2661009043108858,63
55131420104,0.29,1.8896362455807854,1.5115459067284283,2.264215974178597,0.19945899255042007,48
55131400102,0.05,1.0327599895416548,0.4876352197219622,1.3274663883189861,0.27961581507419786,7
55131420300,0.01,0.6158436564405263,-0.5090843981462339,1.3175013230380368,0.6150907198483782,6
55131420103,0.25,1.6920511212439,1.1851080655540613,2.0866270158642455,0.20439867383519952,42
55131460102,0.13,1.9485577567826504,0.9865749457529294,2.284501368237569,0.29497033199649053,29
55101001602,0.03,2.4806068456051906,2.21079081327216,2.958106797143217,0.24915616024539944,13
55101001601,0.2,2.292918140559922,1.8389412718138387,2.566420475661678,0.14616296837417492,85
55101001502,0.08,2.4463135634069126,2.277949094716451,2.5423213104808755,0.07565984384899112,13
55101001501,0.06,2.507685535116978,2.4428391900511515,2.5697289845571074,0.03224734515742388,12
55101001400,0.02,2.577622062483267,2.502241542154907,2.6527288873379287,0.047650631845693445,6
55101001201,0.04,2.3814474806964916,2.1686012959458094,2.485867316180335,0.10880660752476841,6
55101002600,0.13,3.9276968751440617,0.9691457092316228,5.00352166112194,0.7699958374841891,73
55101002402,0.04,4.182498191582194,3.492723910831503,4.8492674139423855,0.5646802853310303,9
55131420200,0.02,1.5526724938201648,1.404442839571584,1.66101904480526,0.08495961594529078,5
55131470100,0.33,1.873464779942418,0.27694431230234107,2.5038994782227872,0.4128589901010858,73
55131430100,0.3,2.5191602721022965,1.1053314216364862,3.015238730635906,0.29705335711856606,195
55123960500,0.26,4.441044176639413,2.8010226773647577,5.374389520281111,0.370842429260675,436
55123960400,0.01,4.663678736364881,4.399225214225842,5.100539089382387,0.15585509054813698,52
55123960100,0.2,4.633266480539328,4.510326827881929,4.9184593730418635,0.06941847725350708,359
55123960300,0.18,4.64711861736519,4.493823800473734,5.4343057125409535,0.12445476096648866,179
55123960200,0.27,4.575588581692517,3.1000683371635005,5.469014912885607,0.1690948784232675,357
55123960700,0.12,3.998804716370112,2.952753478193473,5.274316334534297,0.33685539976177786,326
55123960600,0.3,4.135671971588271,2.4691821321418717,4.895790997544744,0.3838033487578279,396
55039041800,0.11,2.242799163008282,0.2780092590006311,3.0672187278564524,0.48641207403650516,100
55039041600,0.07,2.3574362437306804,1.706771836966333,2.819499651915903,0.26107610113328256,42
55039041500,0.05,2.290844780908952,1.8562258676714174,2.5656432869000714,0.15930946877732916,55
55039041300,0.04,2.4436756459116253,2.1099172956855754,2.7780383139694247,0.1731226680840607,33
55039041100,0.05,2.019310719259138,1.6329311427967395,2.3664154044802292,0.20054641811320362,21
55039041000,0.0,1.7800013312222105,1.7042594539236433,1.8557432085207775,0.07574187729856707,2
55039040900,0.01,1.4094453103588593,0.936554073046102,1.7273005997558795,0.34092729062122373,3
55067960700,0.01,3.9957401997989344,3.492655409300391,4.217515867674986,0.17512451132129303,16
55067960600,0.0,4.2865529710399795,3.6828026453804523,4.592681367613192,0.25711679124345904,11
55067960400,0.07,4.07659787157261,2.5938001628713643,7.271283175182906,0.5499832790467287,349
55067960500,0.29,3.3645682428165666,2.0224710717874212,4.584295339775682,0.4152872669153154,678
55067960100,0.22,3.6392080325948375,1.6219265019029507,5.448200225841256,0.5275711218563284,716
55067960300,0.11,4.125705531368112,2.8891616859569904,7.554448106701935,0.4099187186599581,514
55101002401,0.07,3.082547993059801,1.0160834359783846,4.117571329884801,0.8305715827322939,21
55039040800,0.01,1.5563761854663354,1.5563761854663354,1.5563761854663354,0.0,1
55039040700,0.04,2.3544024533804153,0.9489888948117907,3.247786587706409,0.4444129197050801,48
55039040500,0.02,1.2024135796145285,1.2024135796145285,1.2024135796145285,0.0,1
55039040400,0.01,1.878288163729208,1.7438337196370688,2.0127426078213473,0.13445444409213925,2
55039040300,0.01,2.0236112481294044,1.9212833287571598,2.1421183029642292,0.09087847114506512,3
55039040200,0.01,2.0470664152837545,1.9294656881698224,2.20625179571885,0.11676072363860628,3
55039040100,0.0,1.643141022206309,1.2791607513646186,2.0037444141166874,0.2582090973475762,4
55039042000,0.27,2.1628763506004662,0.7186273065553682,2.94129352396694,0.31742764948965774,180
55039041400,0.54,2.6849575633155673,0.4302570432376598,5.840239537193033,0.6054038303865062,331
55039042100,0.5,2.473780136167296,1.2242421993606611,3.748407488083341,0.33570979895023795,311
55039041900,0.45,2.663564531098532,1.2112157339035385,4.078484671937012,0.28006016052645105,376
55039042200,0.33,2.621824101879595,2.119712061829944,3.1985223198538693,0.1400906221680174,185
55039041700,0.45,2.4543850554781597,0.47040974948007924,3.216573145705376,0.3878750211838444,280
55033970500,0.02,4.8730240036668375,4.020206219756706,6.705859360619827,0.5759932802097476,46
55033970400,0.17,4.467521838200498,3.2286119679006053,4.7988323225555005,0.19504924889272096,470
55033970200,0.14,4.512997223830628,3.7283198235788526,5.138570144246429,0.19427739688113352,320
55033970300,0.13,4.241254529550443,3.378994020656894,4.89847537874052,0.20486316871012192,234
55141010800,0.57,1.5423282218240228,-0.9902503809948155,4.2056847436265095,0.8467882860338678,557
55141011200,0.05,1.2373337343578872,0.14693323502802777,1.9510122116321478,0.5190582071294236,26
55141011600,0.13,2.378289140081803,0.32559487131291315,3.747081135975854,0.6170531515928105,134
55141011700,0.03,1.0995899120237305,0.17771137974628298,1.9702338351483637,0.5204454535609879,25
55141010600,0.01,3.252873154799679,2.3094190695876073,3.778586621206938,0.5797716563646391,5
55141010300,0.01,2.7892695584355796,2.7892695584355796,2.7892695584355796,0.0,1
55141010200,0.07,0.794310031677031,-0.8847624682344892,4.148839935553648,0.8700383316325114,41
55025000503,0.01,8.633563902550415,8.57019819844945,8.670912027048555,0.04504445695876017,3
55025012300,0.1,7.4904371932030624,7.325828705082801,7.664098873167439,0.08493035834774729,19
55025012201,0.02,7.469725948435702,7.3227178860439395,7.675712519067048,0.10912521732507449,12
55025013200,0.74,7.473155087320164,7.121597532381205,8.457993487355202,0.24370354887413714,248
55025012001,0.08,7.809937427868852,7.299010192627425,8.370968168670725,0.3096441666489042,22
55025011900,0.54,6.893665914627665,6.068597442909005,8.649347306553326,0.40101633977553647,180
55025011506,0.03,8.560974389732387,7.971826394697662,9.233098322585544,0.37478178342076734,8
55025012002,0.39,7.841804533776471,6.908690423286834,9.99088558736395,0.7261446770397698,169
55025011200,0.2,8.382209408414687,7.3116665640947,10.901751238619036,0.7728669897264451,103
55025002402,0.01,9.757287168380174,9.676348710957948,9.8382256258024,0.08093845742222605,2
55137960800,0.2,3.5881239561440523,2.79215415340829,3.947036060924327,0.18196212536818682,179
55137960300,0.37,3.950011330918229,2.559904898998711,5.248707937724311,0.40558927560789443,258
55137960100,0.26,2.5034614489605533,1.4645353424035157,3.116875453792632,0.37603033207663794,297
55137960200,0.22,3.0628129727780236,1.9715286166073458,3.546146773321422,0.3065599638096599,278
55103970300,0.01,5.3810025412399405,5.2725380905073935,5.481794657544427,0.06342263138898498,17
55103970400,0.01,5.53683236111998,5.241865472486329,5.899179195475732,0.16521649488501114,48
55103970100,0.11,4.8571828177526335,3.8442234124675854,6.309815878655165,0.2744879031588425,382
55103970500,0.18,5.91530932033875,4.771892011175923,8.797403629586958,0.7361506933954222,408
55103970200,0.26,5.217066006525405,4.633686599230137,6.396943815902836,0.39952113382702725,663
55025011503,0.04,7.7052326704187735,7.4422571846550705,8.08467264526634,0.20910641070516167,12
55025002500,0.04,9.317873392071622,8.892284077637225,9.68386692146204,0.2119933467934668,13
55025002100,0.01,8.873266807685106,8.532590148979628,9.312657857228315,0.3260212729070889,3
55025012400,0.28,7.856438581751169,7.531018833278173,8.964557216739511,0.24628570774880748,155
55025011700,0.26,7.302453742476337,6.315795902382117,11.223971974652178,0.6756635790134877,154
55025011600,0.05,8.45222610269921,7.576977854604669,10.564979365080985,0.8442050110530488,21
55025010901,0.03,8.765690327777676,8.335840411288276,9.877364351969216,0.4632792091387043,17
55025012800,0.15,7.279448124888464,7.1315180242282254,7.49287776787033,0.09112583835490384,54
55025012700,0.57,7.466954438033024,6.9762028573747985,8.629783153715458,0.33149909204558037,226
55025010600,0.2,8.78170919197046,8.146258843916588,9.897284371715552,0.37484430601113694,85
55025003100,0.01,9.451202019860439,9.247932932676543,9.659219752853165,0.12256686045728388,11
55137960700,0.25,2.4173693324274192,1.1692701592439028,3.219276022156524,0.5651420777168088,191
55137960600,0.1,3.3587432958785817,3.1332642166481293,3.5294717628853527,0.09499828832943978,81
55137960400,0.37,4.036842823639931,2.1919102676537086,5.360133640015263,0.3095621057042938,368
55025003002,0.02,10.996096483608541,10.846050292017358,11.249629681006063,0.18027987701015527,3
55025002900,0.01,9.987046563135397,9.931686984525026,10.042406141745767,0.05535957861037044,2
55025002800,0.01,9.728379595471838,9.6665391577191,9.790220033224575,0.06184043775273729,2
55025002700,0.01,9.841954020904028,9.512794397603933,10.133428610939411,0.2547702598940973,3
55025002000,0.01,8.803848845896455,8.590394216623777,9.017303475169134,0.2134546292726789,2
55025001502,0.01,9.144411638395553,8.360776316283976,9.681811913340637,0.3262054536606598,12
55025013100,0.37,8.162238947266973,5.933768870081147,10.231079337670883,0.6998304375315239,138
55025013000,0.1,8.596204053769558,7.713136926929639,10.159816760468395,0.6181131342355101,36
55025012900,0.56,7.604562585252663,4.672346019612684,10.176699270033222,0.7896596271588233,228
55025012600,0.56,7.510147307064756,6.903850156339065,8.758709713727864,0.4024544854757697,290
55025012100,0.31,7.577334101319101,6.51985817155753,10.894864587439919,0.7088779360259668,151
55129950200,0.11,1.8106186930362245,0.283085232347626,2.3655084460557303,0.3974409316149959,382
55129950300,0.12,2.618879952278121,0.2991301381254913,5.919600421310946,0.8044468183265592,548
55129950100,0.2,2.2171778330543552,1.7235139224943812,2.360334666776132,0.15969401113276474,587
55129950500,0.12,2.8800645299012015,-0.13145404052454218,5.9636276338112815,1.0679459147668973,327
55129950600,0.09,1.8842312479758982,-0.3663757414749809,4.625486631984409,1.0718963499370746,369
55139002201,0.18,0.9159659924644524,-0.7958054228019409,1.3199250664564979,0.33358487947211835,84
55139001803,0.03,1.36573152811214,1.1523089858263713,1.5653092503246187,0.12342851466740548,12
55139001801,0.04,1.9123265085034085,1.4947689918638727,2.6293804222928334,0.2789237525970343,15
55139002202,0.4,1.2800019991893334,-0.07909603957117312,2.025643189945141,0.3292980415133251,170
55139001804,0.05,1.0978847375790464,0.9400312082819864,1.23747375995254,0.07518163561565354,17
55139001700,0.14,0.9676339866498328,0.6553273403584845,1.2435990885229307,0.1597073188849156,37
55139001600,0.12,0.8868800704969597,-1.2161875608633268,1.611831691658494,0.48197412903795617,58
55139001200,0.01,0.46564686310481734,0.20471738857713645,0.6177572165588814,0.18534953593723622,3
55139001100,0.01,0.9506836024833494,0.7034054767991326,1.2493449982166793,0.19496817097992736,4
55139000900,0.02,0.7795248316714547,0.7210439774837778,0.8405745199924198,0.048831935108805125,3
55139000800,0.01,0.8269624156910911,0.7639994376653477,0.8899253937168343,0.0629629780257433,2
55139000700,0.01,0.5692596659888159,0.5692596659888159,0.5692596659888159,0.0,1
55139000500,0.01,0.7067124983824087,0.34594485536307995,1.1457923942716244,0.33119845821569655,3
55025000406,0.02,8.65874338879012,8.518834204773379,8.802111104901016,0.11567316490775659,3
55025001802,0.01,,,,,0
55025013700,0.04,8.918620388479573,8.204338464730716,9.803167495833549,0.5299728082226938,15
55025012501,0.05,8.071347465417341,7.841501303333644,8.467327613409314,0.1860936944219056,25
55025011401,0.06,9.486534718469315,8.917269381809739,10.571584968456195,0.4464508574730621,21
55025010903,0.05,8.305309067432194,8.214273089411645,8.399162360640572,0.05039425559802109,10
55025010501,0.03,9.468713296428156,9.138956462670809,9.916509112499487,0.24333504086651847,11
55025001704,0.01,10.061639789778663,10.061639789778663,10.061639789778663,0.0,1
55139000400,0.01,0.628289636327421,-0.047493847767400704,1.4878930177391192,0.6401538995583663,3
55139000300,0.13,1.5007379924318456,0.36792482683567135,2.0044251235026804,0.32496335961778244,78
55139000200,0.01,0.5596038398505014,0.34955260639990815,0.7696550733010946,0.21005123345059323,2
55139000100,0.01,0.8524082884850326,0.8507997213444134,0.8540168556256517,0.0016085671406191326,2
55139002100,0.65,0.9378759956184191,-1.2339133300651506,1.9074036591274999,0.5726987059618835,302
55139003701,0.01,-0.07549694655247373,-0.12594956077013322,-0.025044332334814224,0.0504526142176595,2
55139003600,0.04,0.4557673970644135,0.27508903048036526,0.67626050520071,0.13956557496404948,5
55139003500,0.01,0.01254456657989935,-0.07237945719646895,0.09746859035626765,0.08492402377636829,2
55025001605,0.01,9.741632845299108,9.741632845299108,9.741632845299108,0.0,1
55025001603,0.01,,,,,0
55025001101,0.01,,,,,0
55025000901,0.01,9.376490808139238,9.376490808139238,9.376490808139238,0.0,1
55025000407,0.01,8.835020006294451,8.804637192315479,8.865402820273424,0.030382813978972578,2
55025013301,0.03,7.48964734399325,7.364157254257752,7.719336655683206,0.10035102458882009,20
55025013302,0.02,7.471477116227392,7.439641835043969,7.551311795246774,0.03350268737892257,8
55025010904,0.25,8.135896356841853,7.325084328495742,10.562510470464122,0.5536676459452332,122
55025012502,0.11,8.110048928308661,7.800366312103903,8.43701439485537,0.20939269362630003,29
55025011402,0.13,8.493055029004163,7.877029540587494,10.620937980301358,0.5386135162697145,43
55025001804,0.01,9.253207142839887,7.852808710497254,10.653605575182521,1.4003984323426333,2
55007990000,0.05,2.2557925938737275,2.066153427947702,2.3801093464808742,0.06925909927419718,382
55007960100,0.08,1.711077690032901,0.5788050585382478,2.1865356211058455,0.3509261564654831,442
55007960600,0.06,1.6372976305708695,-0.811583290450265,2.2071753966123677,0.4571710777767904,923
55007960400,0.09,1.3991046890951717,-1.1352851797798453,1.8854182635512227,0.5077969138128026,1339
55007960300,0.03,1.558990510916213,0.492272203479332,1.958837346385801,0.28822066690126996,420
55007960200,0.11,1.7237683495369114,-0.8203060694448637,2.2523595560824363,0.4506151206875119,858
55139003300,0.01,0.33580937627420493,0.3058956280766628,0.3657231244717471,0.02991374819754214,2
55139003200,0.01,0.35781552468272415,0.22213894921312827,0.5846845778335594,0.12487106598095173,8
55139003702,0.12,0.36166721766980264,-0.9458486344145942,1.1646262364066027,0.4471278161353002,60
55139003400,0.01,0.5238613518489702,0.18906573742687335,0.9924982810135958,0.3413806147323582,3
55139002400,0.11,0.06881866419753313,-0.9980220851750891,0.6684246054343516,0.3518886150714105,21
55139003100,0.02,0.2716630221311804,0.07820241417051685,0.42985070183964,0.1319062738786817,5
55139002900,0.0,0.09516174501415191,0.05275868051246176,0.13756480951584205,0.04240306450169014,2
55139003000,0.01,0.11340989825524697,-0.1956013153457788,0.2654105235622302,0.18473004817519106,4
55025001705,0.01,,,,,0
55025010502,0.04,8.982197184956403,8.552156975918914,9.682292289890832,0.29184117889708017,17
55025001606,0.01,,,,,0
55025001604,0.01,,,,,0
55025001102,0.01,9.37016439819908,9.251244995578567,9.489083800819593,0.11891940262051293,2
55025000902,0.02,,,,,0
55025000405,0.01,8.910774278564153,8.667584468510324,9.158583059116364,0.20047594229836835,3
55025000408,0.01,9.399885493999959,9.07246931390164,9.847691669751116,0.2848822600864778,6
55025991703,0.01,9.716560821546587,7.8766792828399605,11.060532213941777,0.7734452513469395,15
55078940101,0.01,1.5048266030576574,-1.0945421577833376,2.589725128006973,0.7924036218174401,60
55078940102,0.09,2.5138765948495294,-1.3900675383957304,4.231767203554204,1.1624024742127175,879
55139002700,0.0,0.15160959327828488,0.15160959327828488,0.15160959327828488,0.0,1
55139002800,0.02,0.02893784991153504,-0.01705935778498685,0.06461418517632506,0.03413241090007539,3
55139002601,0.0,-0.01269785599577934,-0.8416001874908244,0.7495059011322677,0.4604627716135564,9
55139002300,0.39,0.49271584453868744,-1.4372200585885733,1.6653773761806712,0.479555099286626,172
55139001900,0.39,2.141545409652815,-0.11847456951563075,3.230199659902124,0.30255725461587507,189
55139002602,0.01,-0.6318708352926308,-0.6370774362126769,-0.6266642343725848,0.005206600920046045,2
55139002500,0.02,-0.45340554044322173,-0.5697947141870946,-0.2622569754560957,0.1362267475455056,3
55139002000,0.54,0.9348059675448029,-1.0537492812550675,1.844472442885902,0.503146087210192,195
55025991702,0.1,9.182572083050163,8.73529531347168,9.95328239946704,0.3197918388566649,41
55025002602,0.01,8.899994515429023,8.639062603251158,9.255603400379742,0.2106551183550385,5
55025001402,0.01,9.390194417276621,9.070419737094591,10.142914135459895,0.3328833848058167,10
55025002603,0.0,10.12823443603126,9.278446101805512,10.90238005314898,0.5413084856110455,7
55025011302,0.01,8.074069430846425,7.767101480447254,8.524274449890108,0.21839793668261,10
55025011301,0.07,7.661850452311047,7.445830895981423,7.977854525322174,0.1366372396995847,19
55025011504,0.03,8.930439669590271,8.67174670594213,9.570675877294647,0.37256102224665366,4
55025012202,0.01,7.7963912636931,7.6479357015955465,7.989644844811252,0.10873046248813571,6
55075990000,0.05,2.668928380959197,2.334413073936674,3.300249147930034,0.19490496691086062,278
55075961400,0.01,3.126684643553386,1.7183043437555972,4.646827919083016,0.830770518687661,13
55075961300,0.01,2.9624618441321475,2.61589855380526,4.216327174455466,0.40122703551435784,18
55075961200,0.0,2.6961764806749584,1.5864526311823235,3.2065664519892545,0.14755642080801604,132
55075961500,0.01,2.9999518860629073,2.7929014826634035,3.6734959263515736,0.23045961860560107,35
55075961100,0.06,2.6252720133711627,2.4943681879670048,2.726479225386196,0.05722592816266382,152
55075960900,0.19,2.6297418885147006,2.276173605075809,2.997589080132535,0.10813177603966213,305
55075960800,0.06,2.4629761238647587,1.9874619500365234,2.6578091039653238,0.15898675810465385,167
55075960100,0.08,2.793447693530284,2.682617840436107,2.850392285130443,0.03426517606614952,315
55075961000,0.2,2.637740261814626,2.5745212883433704,2.6802094570266464,0.02222812602534439,337
55139001500,0.03,1.3467853335165785,0.969024761740661,1.726642578598745,0.307353520597988,6
55139001400,0.02,1.5719010625647478,1.057734404813092,1.916192626836525,0.2774990612369843,6
55139001300,0.0,1.633765003612768,1.2799907354201705,1.9527679813329708,0.2757584542497774,3
55139001000,0.0,0.6773848436265703,0.5832151763506144,0.7445698792174205,0.06858067169251321,3
55081950300,0.01,4.620148736031611,4.48461027131977,4.912982865398543,0.11319793272537386,30
55081950600,0.02,4.185497637123711,3.4310094651872847,5.215313132372461,0.49065543737287043,18
55081950700,0.22,4.359390285993325,3.853939334179033,5.575075739651932,0.31535934651192965,405
55081950100,0.25,3.9811142570620905,3.571168128474665,4.801113269919272,0.19964705799556523,385
55081950900,0.12,4.440716364788179,4.342954549850147,4.639365333289116,0.06152683075188105,386
55081950400,0.01,4.601624918526044,4.489750123902731,4.76768476124899,0.08072669165953628,10
55081950800,0.24,4.395414539492715,4.089865369837154,4.936989423678679,0.13326269907799684,417
55081950500,0.04,4.227945938525203,3.9792840985656377,4.545745843587794,0.1382436629963048,29
55081950200,0.35,4.350048223902377,3.953547259767809,6.012563986596288,0.3144275209479996,677
55025011505,0.01,8.484118107043363,7.915495445304749,9.328103037435161,0.6086779863411588,3
55025010300,0.01,10.803713853502918,10.1172055799862,11.268362477311392,0.49545052137177104,3
55025011102,0.01,8.740506503745873,8.285424586174242,9.012969383980042,0.17540314495220097,20
55025011101,0.01,8.976748754468495,8.793800838554793,9.331097949232506,0.21016309446700346,4
55025011800,0.56,6.675266241902592,5.011171842852154,10.301794378567154,1.037469925602875,171
55025011000,0.0,9.322818177441032,9.046041640400825,9.599594714481238,0.2767765370402069,2
55025010800,0.03,8.527870766470022,8.136720896823551,9.246242086337535,0.30581116352803994,19
55025010400,0.02,10.209003994790168,10.209003994790168,10.209003994790168,0.0,1
55075960700,0.2,2.7009226361764993,2.488108259480086,2.7857191157142145,0.04800232726239904,494
55075960200,0.51,2.4817990985337324,1.041195208757658,2.7906299831246955,0.26532778249059896,1410
55075960600,0.14,1.9476519812885598,-1.2120052990758252,2.596207046866331,0.7813139695385882,354
55025010200,0.01,9.76903474261707,9.586623838086798,9.951445647147342,0.18241090453027198,2
55025010100,0.01,8.91044658323052,8.91044658323052,8.91044658323052,0.0,1
55025003200,0.01,9.144851444533353,9.01363773509199,9.276065153974717,0.13121370944136324,2
55025003001,0.01,10.09727941689675,10.02522018903226,10.169338644761243,0.07205922786449204,2
55025002601,0.01,9.799207944625422,9.799207944625422,9.799207944625422,0.0,1
55025002401,0.01,9.708103512461342,9.69140868554281,9.727323022997881,0.014770250037095187,3
55025002302,0.01,9.813815957305437,9.553586427083983,10.083981059034116,0.1902826789481551,4
55025002301,0.01,9.97055494677829,9.931622377135088,10.009487516421492,0.03893256964320191,2
55025002200,0.01,10.421400577975502,10.421400577975502,10.421400577975502,0.0,1
55025001900,0.01,8.12380625669631,6.7853408946534355,9.462271618739186,1.338465362042875,2
55025001501,0.01,,,,,0
55025001401,0.01,9.156261654145082,8.99023160772991,9.311236140882956,0.10452945664088088,5
55017011000,0.32,4.229160850203329,2.049129918421625,5.184618239366125,0.3011471623170763,552
55017010900,0.32,4.2669658594624975,2.3026183362974804,6.64464153956871,0.580803977815575,509
55017010400,0.24,4.618600545743627,3.1877206047605995,7.329763255156537,0.529644102156238,276
55017011100,0.37,3.8983971272769824,0.6816794447584027,5.377089420799189,0.6246124308138045,539
55017011200,0.19,4.403999768487905,3.985928501016369,5.278203490387406,0.20498320794842087,281
55017010800,0.2,4.553029968652604,4.410926506594427,5.463952347743114,0.1285273354431239,333
55017010700,0.12,4.441653123519402,1.9828178595580168,6.325932092246605,0.6516940248699391,108
55017010200,0.01,4.557273262067135,3.26424904120011,4.897846625955471,0.35275844380231075,34
55017010300,0.01,3.557782720272865,2.9244510135072463,4.026688574146013,0.3745984404213065,6
55017010500,0.03,1.876703238782906,-0.4448108215792072,4.067214453390558,1.1754019017419604,27
55017010100,0.02,5.066899073867695,4.8209504689451945,5.422956898867145,0.18623255884601603,21
55025001300,0.01,9.320611115163649,9.262023467494313,9.379198762832985,0.05858764766933611,2
55025001200,0.01,9.32201108534505,9.252014620304047,9.392007550386055,0.06999646504100365,2
55025000800,0.01,9.163424937748061,9.024238952612926,9.329494269048833,0.12025336611805343,4
55025001000,0.0,9.179028932550295,9.154485245762059,9.20357261933853,0.024543686788235597,2
55025000700,0.01,8.983044619123582,8.983044619123582,8.983044619123582,0.0,1
55025000501,0.01,8.830850918887146,8.735692705797177,8.883686699890504,0.056807725970148555,4
55025000504,0.01,8.487118348042635,8.40360970531098,8.604165560585253,0.06655022709093288,6
55025010702,0.25,8.499758192057907,8.001632205026484,9.520842961876806,0.37274251430667127,63
55025000402,0.01,8.995108963723577,8.957851123648368,9.032366803798789,0.0372578400752106,2
55025000401,0.01,9.006442312636402,8.981027812306793,9.031856812966012,0.025414500329609346,2
55025000300,0.01,8.99878209720029,8.960740884800629,9.036823309599953,0.03804121239966207,2
55025000205,0.02,9.138576286484946,8.977654058332641,9.395349211312354,0.15537279472553775,4
55091950100,0.09,4.759515659179902,3.986840776053704,5.476094994455543,0.15740573914274983,245
55091950200,0.12,4.818182590404622,4.464308405313401,6.25508867053206,0.2530171612539701,405
55025000204,0.01,9.208386389785177,9.196431290222513,9.220341489347842,0.011955099562664273,2
55025000202,0.01,9.541977946130862,9.284581456954525,9.858537483688236,0.2599441717036533,4
55025000201,0.01,9.320010534110093,9.320010534110093,9.320010534110093,0.0,1
55025000100,0.0,8.890936964869521,8.890936964869521,8.890936964869521,0.0,1
55025001403,0.05,10.230154317447434,9.10351924035248,11.615472778662799,0.7464422330449442,13
55025010701,0.0,8.964460223529244,8.51861285895707,9.646823560054068,0.34795463020802253,8
55025000600,0.01,8.929038510603057,8.814757761664659,9.043319259541455,0.11428074893839835,2
55079186200,0.01,1.849016525880932,1.849016525880932,1.849016525880932,0.0,1
55079186100,0.01,1.9375544138508456,1.9375544138508456,1.9375544138508456,0.0,1
55079185800,0.01,,,,,0
55079185400,0.01,2.020810853731945,2.020810853731945,2.020810853731945,0.0,1
55079185900,0.01,,,,,0
55079185500,0.01,1.9666141195114764,1.9666141195114764,1.9666141195114764,0.0,1
55079186000,0.01,,,,,0
55079185600,0.01,1.9236421951708627,1.9236421951708627,1.9236421951708627,0.0,1
55079185700,0.01,2.028522869600363,2.028522869600363,2.028522869600363,0.0,1
55079187200,0.11,2.0640950573944967,1.3222454733802975,2.340675358296246,0.23669290953348165,39
55079003200,0.01,2.122398897527161,2.122398897527161,2.122398897527161,0.0,1
55079180500,0.01,2.2529912936884893,2.246375680534965,2.2596069068420133,0.0066156131535242135,2
55079100500,0.01,1.8955633010223876,1.8955633010223876,1.8955633010223876,0.0,1
55079005400,0.01,2.169380135938118,2.1255671257384234,2.213193146137812,0.0438130101996943,2
55079006300,0.01,2.1381339347981623,2.1381339347981623,2.1381339347981623,0.0,1
55079008900,0.0,2.113915295871064,2.113915295871064,2.113915295871064,0.0,1
55079004900,0.01,2.1674527311423635,2.1674527311423635,2.1674527311423635,0.0,1
55079004800,0.01,2.154460205298614,2.154460205298614,2.154460205298614,0.0,1
55079003700,0.01,2.163272193180958,2.163272193180958,2.163272193180958,0.0,1
55079120502,0.02,2.2473467874226123,2.1718797974134074,2.296912272004295,0.04184691718998733,5
55079003800,0.01,2.162457884736895,2.162457884736895,2.162457884736895,0.0,1
55079019900,0.01,2.358288119979493,2.228267027231564,2.4883092127274216,0.13002109274792883,2
55079080400,0.01,2.1551853877029723,2.1551853877029723,2.1551853877029723,0.0,1
55079170400,0.0,2.2531007631653504,2.236259324565843,2.269942201764858,0.016841438599507486,2
55079007700,0.01,2.031371518354072,2.031371518354072,2.031371518354072,0.0,1
55079160204,0.02,2.290334946399248,2.2756409064240413,2.3149958754753635,0.012977035839303978,6
55079150304,0.04,2.0133619316454956,1.7245196425199325,2.192038070528129,0.16495211049483255,7
55079120102,0.05,2.508410515833045,2.1974318737621776,3.083926436532944,0.2600741013626224,8
55079018000,0.01,1.4329002440551102,1.2054273299615867,1.6635924170132714,0.16959399099728883,4
55079150303,0.01,2.219222055868677,2.202439469642672,2.2425631442925322,0.014512497864741724,5
55079011300,0.01,1.7370685050544652,1.7370685050544652,1.7370685050544652,0.0,1
55079020000,0.01,1.879618173756759,1.879618173756759,1.879618173756759,0.0,1
55079120400,0.04,2.1796907278833153,2.087978236242415,2.2532110186427285,0.0686716109447546,3
55079120501,0.0,2.3087191736006387,2.2853183555208165,2.3257910011120106,0.015325536494957678,4
55079160100,0.07,2.134717435000441,1.828381592589345,2.2696891756194453,0.1305831596631856,18
55079040100,0.07,2.238791300302066,2.0492795379356057,2.742232726947896,0.20480397072231346,12
55079005200,0.01,2.169602725913288,2.169602725913288,2.169602725913288,0.0,1
55079014800,0.01,1.835959701964275,1.835959701964275,1.835959701964275,0.0,1
55079005500,0.01,2.1581679414664694,2.1581679414664694,2.1581679414664694,0.0,1
55079017400,0.01,1.4012178000138598,1.4012178000138598,1.4012178000138598,0.0,1
55079013600,0.01,,,,,0
55079016000,0.01,1.6931188085315934,1.6931188085315934,1.6931188085315934,0.0,1
55079018500,0.01,1.874158592460174,1.5850883206805912,2.167019262690159,0.23758743044381983,3
55079014600,0.01,1.709724583586858,1.709724583586858,1.709724583586858,0.0,1
55079018600,0.01,,,,,0
55079140202,0.02,2.278098177704337,2.217851467029369,2.3102451825562076,0.04263288846045224,3
55079002900,0.01,,,,,0
55079013300,0.01,,,,,0
55003950800,0.09,1.5847100340257174,-0.11447229230223636,2.2767303989419583,0.5156630920773446,584
55003940000,0.06,0.629547683681166,-1.5882808337644758,1.266327242441909,0.4622383686395735,585
55003950600,0.07,1.4351150236970902,0.36182998000226224,1.76287993980455,0.2621332085786133,530
55003950500,0.02,0.796090979893451,-0.7197546373347815,1.757999468558602,0.623732238746687,341
55003950700,0.07,1.4072514959306939,-1.0568694571056354,2.1169811217988803,0.6141960653210079,1070
55003950400,0.01,0.6346228439821813,0.5073129370789958,0.7391556692949973,0.07978961636324958,8
55003950300,0.01,0.4258526322811208,0.23341408015226256,0.554590136414764,0.11883341181513568,5
55003990000,0.15,1.6294622514313575,-1.2951229973251484,2.3813336044585665,0.675473626368233,491
55079120101,0.03,2.1603568040381305,1.8190773457513172,2.431023523777316,0.19800335153708837,5
55079000102,0.02,1.9929288902672768,1.8388252911348368,2.1555299552812293,0.09777990940493456,8
55079160203,0.02,2.2636349752584155,2.2338777413327393,2.2994186507514596,0.024025241985166115,6
55079187300,0.01,2.26451843429029,2.2285545605813577,2.2843634748722352,0.019049030052665374,6
55079186800,0.0,1.863073448409678,1.5843698611890595,2.0996748702270036,0.17033317296308048,6
55079186900,0.0,,,,,0
55079187000,0.0,,,,,0
55079060101,0.04,2.0939308466867232,2.0540433388126313,2.1236464453417714,0.024549265151997412,5
55079005600,0.03,2.1150264551966176,2.107912983862387,2.1221399265308483,0.007113471334230681,2
55079005900,0.01,2.186328944095914,2.186328944095914,2.186328944095914,0.0,1
55079050101,0.01,1.704415273099107,1.4890956882310418,1.9169371958294361,0.17467676642128535,3
55079013000,0.01,2.3163919283356553,2.3163919283356553,2.3163919283356553,0.0,1
55079005700,0.01,,,,,0
55079003100,0.01,2.139756820825843,2.139756820825843,2.139756820825843,0.0,1
55079003600,0.01,2.152248277538385,2.152248277538385,2.152248277538385,0.0,1
55079130100,0.01,1.504349181283941,1.0621241483351165,1.9495622753813628,0.2620089332045443,7
55079140201,0.01,2.18683782302305,1.9675674645063235,2.386918533146729,0.16066032015814447,6
55079180100,0.02,2.2441652242598793,2.204646826848239,2.2853972370953386,0.027116470515374046,6
55079170100,0.02,2.196699137811939,2.0117805988447612,2.2724089936813425,0.0961880881375093,5
55079101800,0.01,2.8001866333296537,2.7999344450886037,2.8004388215707032,0.00025218824104977777,2
55079060102,0.01,2.155545028379437,2.1343567026380432,2.1801511224650136,0.018851049080675912,3
55079000101,0.01,1.797455945217095,1.7409288869523363,1.8375177389506283,0.0411151252351202,3
55079187400,0.01,1.4365703143425383,1.199403113948877,1.6008307202308836,0.17179945922519804,3
55079980000,0.02,1.8187033905759573,1.3443227164246556,2.1430280513977156,0.2682241429962583,7
55079016400,0.01,,,,,0
55079016900,0.01,1.520711492411475,1.520711492411475,1.520711492411475,0.0,1
55079016300,0.01,,,,,0
55079003500,0.01,2.149000549691359,2.149000549691359,2.149000549691359,0.0,1
55079003300,0.02,2.109483348192237,2.101198484201075,2.117768212183399,0.008284863991162128,2
55079000600,0.03,2.2645585570190856,2.104399929136474,2.623247782337816,0.18628011957038657,6
55079005800,0.01,,,,,0
55079001900,0.01,,,,,0
55079001300,0.01,2.150740489960356,2.120904363114419,2.1805766168062934,0.029836126845937283,2
55079002500,0.01,2.1462640336341168,2.1462640336341168,2.1462640336341168,0.0,1
55079001000,0.01,2.1263078165102005,2.1156668315812848,2.1374063560364274,0.008881019012143294,3
55079180400,0.02,2.2701784227271258,2.2701784227271258,2.2701784227271258,0.0,1
55079018300,0.01,1.8330954643966393,1.8330954643966393,1.8330954643966393,0.0,1
55079021500,0.02,2.221426647634238,2.203706813015913,2.239146482252562,0.017719834618324493,2
55079002400,0.0,2.1508465268345422,2.1448985272150187,2.1567945264540658,0.005947999619523525,2
55079021800,0.01,2.2818433235257625,2.2818433235257625,2.2818433235257625,0.0,1
55079140100,0.02,1.6980141652632368,1.3215816502312459,2.1351635722398643,0.3108658578672623,4
55079120201,0.01,4.222665641104311,4.222665641104311,4.222665641104311,0.0,1
55053960100,0.47,3.799362244579263,1.716439903601589,5.693385937472887,0.4909293878964361,1190
55053960200,0.12,4.622589568866016,4.240615314571023,6.209068424221377,0.37985872864678594,263
55053960500,0.0,4.2249836973125685,4.189053260113594,4.261467211870289,0.01973931381613938,32
55053960300,0.16,4.461631591725363,4.3224572075800225,4.916309617224384,0.0886714416109302,572
55053960400,0.35,4.37488306904048,4.210235573243406,4.66829847378734,0.11056604314861801,509
55105001304,0.01,9.41680686444793,8.943024879798502,10.059610250847912,0.41164949128688033,9
55105001201,0.25,10.879404900917503,10.002755385435437,13.12761586793997,0.5294810068209483,82
55105000100,0.01,10.547282349351955,10.547282349351955,10.547282349351955,0.0,1
55105001303,0.21,8.783495237846287,8.131277334524905,9.951862643618497,0.48831176684742256,47
55079019000,0.01,1.8003061330527876,1.8003061330527876,1.8003061330527876,0.0,1
55079006900,0.01,,,,,0
55079035100,0.03,2.1211140412939606,2.0756630365628883,2.147633513974233,0.022656537996095634,7
55079035200,0.01,2.0071076933375447,1.8632491826624427,2.105151137691459,0.10393396681940618,3
55079130200,0.01,1.4501751651207226,0.9035148131117788,1.7896300637395806,0.33607415034101484,4
55079001500,0.01,1.8005949613453969,1.55704820437152,2.044141718319274,0.24354675697387707,2
55079019300,0.01,2.434526940486047,2.434526940486047,2.434526940486047,0.0,1
55079001800,0.01,,,,,0
55079000900,0.04,2.195246722343417,2.1418605012854175,2.2486329434014167,0.05338622105799962,2
55079000303,0.01,2.222181928042496,2.171330644086286,2.273033211998706,0.05085128395621008,2
55079000302,0.01,2.954848272380772,2.954848272380772,2.954848272380772,0.0,1
55079002000,0.01,,,,,0
55079001100,0.01,2.1342611402871543,2.130552579349842,2.138147398282642,0.003103116802922213,3
55079004300,0.01,2.1679769824172865,2.1624238195769943,2.173530145257579,0.005553162840292281,2
55079019700,0.01,6.433476327933183,6.16182814281146,6.705124513054905,0.2716481851217223,2
55079185100,0.05,2.149087508854892,2.0939798624442627,2.1951980124713284,0.03626622704941294,4
55079020500,0.01,,,,,0
55079002800,0.01,2.1426495036993676,2.1426495036993676,2.1426495036993676,0.0,1
55079001700,0.01,,,,,0
55079001400,0.01,2.4439470811199,2.3396118977429308,2.5482822644968697,0.10433518337696945,2
55079000502,0.01,1.3796477718017799,1.3796477718017799,1.3796477718017799,0.0,1
55079020200,0.01,1.9886870975537627,1.9886870975537627,1.9886870975537627,0.0,1
55079180200,0.01,2.223212568623666,2.223212568623666,2.223212568623666,0.0,1
55029100100,0.09,3.13449107375812,1.6445258286314313,4.952653804300871,0.4296106276133015,609
55029100400,0.1,2.8061259152122777,1.6783173185644582,4.1596401881390594,0.3245939809530906,447
55029100800,0.01,2.986930917957001,2.8713230555442735,3.2547348982405366,0.09817001385542676,47
55029100500,0.06,3.079736452704592,2.620174892358145,4.31721349984717,0.285100313422107,337
55029101000,0.06,2.553136365629036,1.7775786638188893,2.9153329836572777,0.21567781963973903,389
55029100900,0.03,2.97870711844642,2.805601347271859,3.4438099801559288,0.11860537075611147,159
55029100600,0.06,3.0535221704980064,2.29588257401013,4.596261715762398,0.35901651306947413,257
55029100300,0.07,2.684781124280581,1.1918878266636894,3.518980144238202,0.20810315931964982,475
55029100700,0.01,2.9634708703726385,2.326697407939939,3.320187289957587,0.19573887037254187,20
55105001202,0.14,9.394299345776076,8.408923329682892,13.208406449848374,0.9055580704285096,66
55105000600,0.0,10.060933603761423,9.840208005282552,10.307718318100541,0.19005628463257118,4
55105000300,0.01,10.93520382855518,10.93520382855518,10.93520382855518,0.0,1
55105003100,0.32,7.575014725273395,6.510450672091674,8.562175165400825,0.46449621710048816,97
55105001400,0.15,12.953094503747993,10.933603702985769,15.224256530711362,0.8349402536464202,49
55105001302,0.25,12.267434646583851,9.770117104751499,14.492062704828498,1.1674906052408736,91
55105001100,0.02,11.176759058921983,11.036394711712033,11.378640076932403,0.14633568280608833,3
55079008100,0.01,,,,,0
55079100100,0.01,,,,,0
55079080100,0.01,,,,,0
55079101000,0.01,2.334354153375412,2.311594316229354,2.374492822945388,0.025400413532400253,4
55079101300,0.01,2.5063671641884357,2.5063671641884357,2.5063671641884357,0.0,1
55079017300,0.01,,,,,0
55079014700,0.01,,,,,0
55079004000,0.01,2.156431744420619,2.156431744420619,2.156431744420619,0.0,1
55079005100,0.01,2.169887456758858,2.161999674199731,2.174476277332774,0.005602307207437953,3
55079091100,0.02,2.2149731836087767,2.2149731836087767,2.2149731836087767,0.0,1
55079000301,0.01,2.4952046710398896,2.2762952842282718,2.714114057851508,0.2189093868116181,2
55079000304,0.01,2.3186496371446146,2.218111092874256,2.4424602475284303,0.09305671243710291,3
55079005000,0.01,,,,,0
55079001600,0.01,1.8249681195907117,1.6539520829713938,1.9959841562100298,0.17101603661931797,2
55079021300,0.01,2.12810634932626,2.1240358772863157,2.1321768213662047,0.004070472039944484,2
55079018900,0.01,1.6635279230484523,1.6635279230484523,1.6635279230484523,0.0,1
55079021000,0.01,2.180098817212792,2.180098817212792,2.180098817212792,0.0,1
55079011100,0.01,,,,,0
55079000400,0.01,1.9137297059752985,1.8593650853525432,1.9692274295624932,0.04485827021908297,3
55079020600,0.02,2.048956690464806,1.9491004034105124,2.1488129775191003,0.09985628705429395,2
55079018700,0.01,1.2204899506501012,1.2204899506501012,1.2204899506501012,0.0,1
55079017900,0.01,1.4576411439119927,1.4576411439119927,1.4576411439119927,0.0,1
55105001000,0.03,11.59335068037772,11.217095788849633,12.1084240046459,0.28946962548211524,6
55105000900,0.01,11.102052228314658,10.53281277763342,11.809677172883278,0.46061148024349563,4
55105000800,0.01,10.434699602019615,10.434699602019615,10.434699602019615,0.0,1
55105000700,0.0,9.71232226603164,9.285232135116313,10.043799693753058,0.27810252989626894,5
55105000500,0.02,9.772232861119823,9.507103983125624,10.071913974552857,0.21693735247737164,6
55105000400,0.01,10.46892879683967,10.261995036858908,10.704239561875188,0.16542678497130597,4
55105000200,0.0,10.744678727793282,10.744678727793282,10.744678727793282,0.0,1
55105003002,0.36,8.70479307315691,7.8038515414558605,12.616155176890596,0.779200986034036,143
55105003001,0.01,11.742159116365125,9.134194384638938,14.209779809678828,1.6125110634971411,12
55105002900,0.52,8.955792307084954,7.8562914560053,13.59522196079614,1.1721596227051843,186
55105002800,0.79,10.147851303775768,8.70416144409462,15.083853353878832,1.3532340096013975,282
55105003300,0.44,11.968874039390508,9.975737316960343,13.91211713025208,0.9248725561740149,117
55105003200,0.74,9.213324683887446,6.239225118124041,13.572248284813128,1.53511929228165,267
55105002602,0.28,12.002004082845582,10.315754961202385,14.088500288614611,0.8344710427166083,77
55105002601,0.05,10.608053000478257,9.6424137882501,11.615196987610881,0.4954229671129746,11
55079019600,0.01,4.096672904944926,4.0629657217694986,4.130380088120354,0.03370718317542787,2
55079019200,0.0,2.017260202442676,2.017260202442676,2.017260202442676,0.0,1
55079018800,0.01,,,,,0
55079185200,0.01,2.1474857402518577,2.116138266447322,2.172217901781983,0.02336740097062746,3
55079120202,0.01,3.3368975983203426,2.559688933811546,4.114106262829139,0.7772086645087968,2
55079080200,0.01,2.1960827424290605,2.1960827424290605,2.1960827424290605,0.0,1
55079000501,0.04,1.868004936284234,1.5746990927249018,2.069798092602907,0.21222893906432785,3
55079070200,0.01,2.273193014633418,2.2028385516661335,2.424600298039736,0.07998828787527128,5
55079006500,0.01,,,,,0
55079070100,0.01,,,,,0
55079006800,0.01,,,,,0
55079160202,0.04,2.331374183246689,2.2475877796102193,2.3692446819228934,0.035288822874763016,12
55079014300,0.01,,,,,0
55079019800,0.01,2.8583343278815128,2.3694797345844973,3.2217636484971846,0.35906878797706177,3
55079019400,0.01,3.0593553840201206,3.0593553840201206,3.0593553840201206,0.0,1
55079020300,0.01,2.004833119392974,2.004833119392974,2.004833119392974,0.0,1
55079170700,0.01,1.934571757584508,1.837822855501597,2.031320659667419,0.09674890208291098,2
55079016700,0.01,,,,,0
55079017600,0.01,,,,,0
55079016800,0.01,1.1789907720113495,1.1789907720113495,1.1789907720113495,0.0,1
55079017500,0.01,1.2901843573001326,1.2901843573001326,1.2901843573001326,0.0,1
55105002500,0.01,10.582272144441724,10.529812551644806,10.634731737238644,0.05245959279691892,2
55105002400,0.04,9.318715695754806,7.894188320282412,10.671231268001993,0.9504598636506321,11
55105002300,0.01,10.780941027325355,10.694839616112336,10.867042438538371,0.08610141121301762,2
55105002200,0.19,10.590350999713747,9.369127060419105,12.62270971390509,0.7404236428131833,57
55105002100,0.01,12.478903800132423,11.492103158304273,13.27987984329363,0.6388761095864256,4
55105002000,0.0,11.102970647686412,10.704291989108272,11.501649306264554,0.39867865857814083,2
55105001900,0.01,10.383334313171096,10.292056769407921,10.47461185693427,0.09127754376317476,2
55105001800,0.01,10.67876510409513,10.601886014673164,10.81776023922751,0.09846902239709356,3
55079004100,0.02,2.158312992950635,2.157979433613136,2.158646552288134,0.000333559337498901,2
55079007800,0.01,2.104021223794452,2.104021223794452,2.104021223794452,0.0,1
55079010700,0.01,1.9067749954578963,1.9067749954578963,1.9067749954578963,0.0,1
55079014100,0.0,1.7717568241494497,1.7717568241494497,1.7717568241494497,0.0,1
55079021100,0.01,2.187809128128997,2.187809128128997,2.187809128128997,0.0,1
55079006000,0.01,2.1719307457321753,2.1719307457321753,2.1719307457321753,0.0,1
55079013400,0.01,,,,,0
55079012300,0.01,2.0711267203594548,2.044085494025543,2.0981679466933665,0.027041226333911705,2
55079100900,0.02,2.0747393668205203,1.6774711911222464,2.3129316542128526,0.27608653790815774,6
55079009200,0.01,2.1760408322474603,2.1760408322474603,2.1760408322474603,0.0,1
55079009600,0.03,,,,,0
55079020100,0.01,1.439182368947265,1.1821760323829804,1.6961887055115494,0.2570063365642845,2
55079015900,0.01,,,,,0
55079019100,0.0,2.1606885784033767,2.0735298756007783,2.247847281205975,0.08715870280259841,2
55079015800,0.01,1.612569800092656,1.612569800092656,1.612569800092656,0.0,1
55079100400,0.01,2.356570124815369,2.2734169067579555,2.4397233428727834,0.08315321805741394,2
55105001700,0.01,11.414549710349071,10.918931682525969,12.105240555115698,0.4306820655876225,4
55105001600,0.01,10.573278252526197,10.495307768713051,10.651248736339346,0.07797048381314742,2
55105001500,0.01,10.35545964614645,10.35545964614645,10.35545964614645,0.0,1
55105002700,0.56,8.996041899006944,7.8092452112456945,12.709684483769346,0.8004116153563273,206
55079012200,0.01,2.019947644484755,2.019947644484755,2.019947644484755,0.0,1
55079101200,0.02,,,,,0
55079004500,0.01,2.1456295069294593,2.1456295069294593,2.1456295069294593,0.0,1
55079120300,0.0,,,,,0
55079008400,0.01,,,,,0
55079016200,0.01,,,,,0
55079011200,0.01,,,,,0
55079018200,0.01,1.9746451941231826,1.9306489499256285,2.0186414383207367,0.0439962441975541,2
55079100300,0.01,2.3407815290707,2.287807205167513,2.3937558529738867,0.05297432390318679,2
55079100700,0.0,2.920540422911204,2.920540422911204,2.920540422911204,0.0,1
55079101400,0.01,1.961157680865556,1.961157680865556,1.961157680865556,0.0,1
55079100600,0.01,2.4465941129574054,2.4465941129574054,2.4465941129574054,0.0,1
55079020700,0.01,2.038438171038401,1.9825977480895016,2.0942785939873003,0.05584042294889935,2
55079150301,0.11,2.2283773922989845,1.891885564803345,2.3581902925125355,0.11765789014292964,17
55021970500,0.03,6.632020826195344,6.40864797490591,6.829168014302229,0.11569426010610047,12
55021970200,0.31,6.8544840701583905,5.5521510375154355,9.22354495772846,0.7499748595354591,201
55021971100,0.48,5.914582434493583,4.439240409405752,8.72592582980647,0.771558491017718,232
55021971200,0.07,5.562893712470889,5.034234266560385,6.954066814700673,0.4373974309590486,43
55021970100,0.75,6.376809488771215,4.628050961277145,9.187991251784712,0.7407321279740583,375
55021970600,0.56,6.820834948671578,5.7121507890119005,8.421499186483755,0.5303998269103154,293
55021970400,0.07,7.049863648405278,6.716307998865082,7.57048370782929,0.2028838505969711,40
55021970300,0.26,6.545295786264475,5.714158673488446,8.760078847955729,0.6546050408425417,210
55021971000,0.49,6.946687165141427,5.464180773525827,9.213183524392134,0.7690675629427605,285
55021970900,0.31,7.779215991861057,7.141839550368746,8.925180417822041,0.28953949926274464,139
55021970800,0.12,7.630807385639151,5.870866643478818,8.968501752518248,0.6491698231296965,125
55021970700,0.25,7.729409519666164,7.142110036261764,8.789296254039145,0.34068508058922564,109
55045960400,0.03,7.514691894482596,7.000758234030888,8.286358859708413,0.3402061710674771,17
55045960600,0.01,7.352321664688734,7.127137635592094,7.671958985547344,0.16234263034409685,12
55045960500,0.01,7.170352229077894,6.932620182627364,7.534193207499271,0.16436633669633494,13
55045960800,0.1,9.364047888775378,7.499533754763357,12.670819055568,1.4590728424548454,70
55045960300,0.63,8.104663443060945,6.947358925018401,14.716974761545075,1.175495101615933,315
55045960100,0.57,7.839766411398896,7.435912802932182,9.699459953863952,0.42276802939095975,287
55045960700,0.95,6.95273461596949,6.334901967136297,8.681479983590581,0.40725732776735835,432
55045960200,0.67,7.5035356114085285,6.8662134937844295,10.682943211810818,0.7416925305575904,359
55079018100,0.0,1.8158753671942947,1.8158753671942947,1.8158753671942947,0.0,1
55079006200,0.01,2.1454955702078493,2.1454955702078493,2.1454955702078493,0.0,1
55079101100,0.01,2.3156825079132033,2.3156825079132033,2.3156825079132033,0.0,1
55079007600,0.01,2.0578802886050034,2.0578802886050034,2.0578802886050034,0.0,1
55079011400,0.01,,,,,0
55079011000,0.01,,,,,0
55079018400,0.01,1.724292660124264,1.724292660124264,1.724292660124264,0.0,1
55079180300,0.01,2.230177758917989,2.2069143808890663,2.248398811703005,0.014489203397048766,5
55079160300,0.17,2.3699753690485874,2.157610323424892,2.512674460714541,0.08902366827413723,31
55079007100,0.01,2.0968933384819577,2.0968933384819577,2.0968933384819577,0.0,1
55079007200,0.0,,,,,0
55079019500,0.01,3.445038084417863,3.445038084417863,3.445038084417863,0.0,1
55079101600,0.0,1.911861462831164,1.679077256917682,2.1446456687446465,0.23278420591348226,2
55079170600,0.01,2.121340603581488,2.0933459675907065,2.14933523957227,0.02799463599078167,2
55099970600,0.09,3.089578357546087,0.0636424241134561,3.8540697841551284,0.4647103343977949,736
55099970500,0.02,2.682753222450538,2.2401242825025567,2.83588955404262,0.10147156133496443,196
55099970400,0.1,2.3944883721564754,1.2731450352290645,3.000451209918706,0.3546535314212714,508
55099970700,0.07,3.193104278400552,0.8007782447890415,3.6531325722425514,0.311572187932709,670
55099970200,0.01,2.100473910012339,1.9904777607232735,2.2277333302709934,0.06224451440451615,48
55099970100,0.23,2.1688720376814663,0.4736300041611781,2.921351474060084,0.40275443144384726,1103
55013970700,0.07,1.3951669595391636,-0.43929374234488977,2.010889609559778,0.37427589594082855,304
55013970400,0.11,1.333814540340748,-0.333703290458118,2.3016039740001233,0.3260992871796373,687
55013970900,0.12,1.337898475643754,-0.19461013703714103,1.9446412718640198,0.3674016326056062,306
55013970600,0.14,1.6473884851087306,-0.2959344807724031,3.8640830369402175,0.6037363291143103,421
55013970800,0.07,1.8530050637479472,0.9642697252217135,2.5631379677573127,0.2739502840861884,223
55013971000,0.05,1.6055439060926864,-0.035898621542682994,2.5506624565869234,0.4769287020182947,336
55079000202,0.03,2.33757874938029,1.9599705971289387,2.824950263301497,0.2588845738604586,8
55079010600,0.01,,,,,0
55079008000,0.01,2.020931692627523,2.020931692627523,2.020931692627523,0.0,1
55079007900,0.01,,,,,0
55079016100,0.01,,,,,0
55079007000,0.03,2.0984702216535553,2.0984702216535553,2.0984702216535553,0.0,1
55079021200,0.01,,,,,0
55079008700,0.01,2.081015444928641,2.081015444928641,2.081015444928641,0.0,1
55079008600,0.01,,,,,0
55079006700,0.01,,,,,0
55079091300,0.0,2.8992709695476875,2.8992709695476875,2.8992709695476875,0.0,1
55079012700,0.01,2.97707123365699,2.97707123365699,2.97707123365699,0.0,1
55079003900,0.01,2.158292283375688,2.158292283375688,2.158292283375688,0.0,1
55079004700,0.01,2.1498705650399046,2.1473758759131982,2.1523652541666114,0.002494689126706584,2
55079100200,0.01,2.1536395075973784,2.1098237171489975,2.197455298045759,0.04381579044838069,2
55079030100,0.05,2.1547399787671533,1.9460378980854935,2.455566577771084,0.13829997837754407,9
55079008800,0.01,,,,,0
55079006400,0.01,2.121467812953812,2.121467812953812,2.121467812953812,0.0,1
55079009900,0.01,,,,,0
55079009700,0.01,,,,,0
55079009000,0.01,2.128569441073545,2.128569441073545,2.128569441073545,0.0,1
55079020400,0.01,1.701472841972083,1.701472841972083,1.701472841972083,0.0,1
55079009100,0.01,,,,,0
55079009500,0.01,,,,,0
55079009300,0.01,,,,,0
55079012400,0.01,2.1782673363233607,2.1782673363233607,2.1782673363233607,0.0,1
55079013700,0.01,,,,,0
55079070300,0.02,2.3395491634291057,2.2662080570511534,2.4128902698070585,0.07334110637795255,2
55079007500,0.01,2.119917323591192,2.119917323591192,2.119917323591192,0.0,1
55079008500,0.01,2.05067061682001,2.05067061682001,2.05067061682001,0.0,1
55079014400,0.01,,,,,0
55079015700,0.01,1.3810418490049463,1.3810418490049463,1.3810418490049463,0.0,1
55079170300,0.01,2.238698879103617,2.238698879103617,2.238698879103617,0.0,1
55079060200,0.03,2.127893039409315,1.855418445314352,2.406866561241498,0.17260021182004623,9
55079004400,0.0,2.1649817883520526,2.1472217465857097,2.197325279833883,0.022907040623511756,3
55079091200,0.01,2.309629856612225,2.2646240858463353,2.3546356273781144,0.04500577076588952,2
55079009400,0.01,,,,,0
55079090100,0.01,1.917905407234188,1.585782401579539,2.1167521079022023,0.19920471935183068,4
55111001001,0.04,5.07125453751507,4.972337313943125,5.132504047225582,0.04132371273785896,23
55111000401,0.01,6.161443763292433,5.823884727497293,6.642924663140887,0.26549274043475973,15
55111001002,0.03,5.137361976059281,5.0921291152714705,5.168473644533195,0.020664179657842806,15
55111000402,0.1,6.564899494761178,5.979169728105577,7.5182149456489435,0.2814878193801051,51
55111000800,0.37,6.636813512067988,5.064344471076571,8.445591562938356,0.5507107468089741,250
55111000700,0.01,6.189399116802879,3.976345579440262,7.206526005379274,0.8671798921839665,18
55111000300,0.03,5.70966517494613,5.178167159261587,6.154273725688842,0.208872038993547,49
55111000600,0.4,5.755577430864549,4.584267403303777,6.328283056338517,0.3037076624297296,217
55111000500,0.5,6.038549560343198,4.42777890245562,7.6243425993667175,0.5995233026285078,243
55111001100,0.75,5.715839217042597,5.0882517452537295,6.644269502926008,0.34413754101072175,484
55111000100,0.38,6.231502318062076,5.151811608180075,8.415963824589447,0.6030322597015403,198
55111000200,0.43,5.081703778778477,4.116303894990363,5.892480793260077,0.22937614479551185,268
55111000900,0.64,4.812494414824857,3.711348180774013,5.246669181165997,0.2420649391452247,349
55079090200,0.01,1.8297017544439895,1.3541615708329466,2.071510310870704,0.2463000871232035,5
55079090800,0.01,2.1721828012876836,2.1721828012876836,2.1721828012876836,0.0,1
55079170200,0.01,2.2606045920861813,2.256037719214391,2.2651714649579717,0.004566872871790473,2
55079091000,0.02,2.1855858586065464,2.1855858586065464,2.1855858586065464,0.0,1
55079090300,0.04,2.133641060318972,2.094514426460555,2.1727676941773884,0.03912663385841664,2
55079012600,0.01,,,,,0
55079002300,0.02,2.1685433508748218,2.1435283908522673,2.1965025408154033,0.021726581391417955,3
55079002200,0.0,2.1898174417757645,2.1898174417757645,2.1898174417757645,0.0,1
55079007400,0.01,,,,,0
55079007300,0.01,,,,,0
55079110100,0.02,1.7003327633780896,1.568307300665338,1.8215091545030822,0.11070705583005148,4
55079017200,0.01,1.7017119053132228,1.7017119053132228,1.7017119053132228,0.0,1
55079012900,0.01,2.7534237377258437,2.7534237377258437,2.7534237377258437,0.0,1
55079016600,0.01,0.3776089707281867,0.3776089707281867,0.3776089707281867,0.0,1
55079016500,0.02,1.1141965140646453,1.1141965140646453,1.1141965140646453,0.0,1
55079005300,0.01,2.1582655611190256,2.1582655611190256,2.1582655611190256,0.0,1
55079090900,0.0,2.2116186870073475,2.2076991798681465,2.215538194146548,0.003919507139200862,2
55079002700,0.01,2.1492813144103717,2.1492813144103717,2.1492813144103717,0.0,1
55079002600,0.01,2.1537778200282234,2.1537778200282234,2.1537778200282234,0.0,1
55079017100,0.01,1.5857345420717428,1.5857345420717428,1.5857345420717428,0.0,1
55079017000,0.01,,,,,0
55079090600,0.01,2.255140486853081,2.0688053870548004,2.483617701785277,0.15619512653970521,4
55079100800,0.02,2.404642669178032,2.3746201602162476,2.434665178139816,0.030022508961784267,2
55079010800,0.01,1.9245998007439542,1.9245998007439542,1.9245998007439542,0.0,1
55079170500,0.0,2.1712374681615563,2.1712374681615563,2.1712374681615563,0.0,1
55135100900,0.03,1.3543051433744373,1.0571847740776206,1.6397473819352664,0.18130365778657162,20
55135100400,0.2,3.3947424063772216,2.4155235193744224,4.080457852040356,0.36442732661398886,278
55135100300,0.17,4.8314791651641755,3.6809617251371813,8.017920119879555,0.737215787959161,203
55135101000,0.0,3.238828286117785,2.9666421718934672,3.4192648870097972,0.14229638891505747,23
55135100600,0.2,3.275371123932612,2.8513520877901293,3.925529703614068,0.20187098956266028,175
55135100500,0.11,3.629833501374033,2.1311162610630734,4.611614406017641,0.4036307971739309,82
55135101100,0.02,2.892492997691886,2.471751539074458,3.321259706592454,0.18235331416615,30
55079091400,0.01,2.527014882177508,2.3375056553326257,2.71652410902239,0.18950922684488214,2
55079006100,0.01,,,,,0
55079012500,0.01,2.1629417637946173,2.1629417637946173,2.1629417637946173,0.0,1
55079021400,0.01,,,,,0
55079021600,0.02,2.193967364212439,2.1792138470260998,2.2137990364973095,0.014936440207780894,4
55079009800,0.01,2.075950561247874,2.075950561247874,2.075950561247874,0.0,1
55079002100,0.01,,,,,0
55079001200,0.01,2.138578652304094,2.134351163811367,2.142806140796822,0.004227488492727582,2
55079000201,0.02,1.9473663229074663,1.804551869714062,2.1287177114355353,0.1250141353577091,7
55079003000,0.01,2.1155258693458543,2.0997336837855194,2.131318054906189,0.015792185560334904,2
55079000700,0.01,2.049349957556124,2.0418264245513775,2.0568734905608705,0.007523533004746508,2
55079000800,0.01,2.122728179210347,2.1131972997674295,2.128834861728798,0.006827746307386825,3
55079050102,0.04,1.9606124328497943,0.7076132071318629,2.728990614569106,0.6010336011209442,8
55079150100,0.07,2.28777677240247,2.173676429338118,2.3705659657165006,0.05529080679452034,14
55135100800,0.19,1.9390456999187171,1.0326046773882938,2.896735960070681,0.4030722223487469,178
55135100700,0.13,3.1237759232521807,2.207441042485275,4.12061004638042,0.35336475877444046,129
55135101200,0.13,2.3793727458497056,1.1036246641806442,3.6778948815391233,0.5481513307943304,199
55135100200,0.37,3.335522731012308,1.0275113668694078,6.3916928564043705,0.8445387270216111,422
55135100100,0.1,2.726462898065713,1.8290268055529932,3.413711822592728,0.32318885840927447,199
55079186500,0.01,1.1567719428646153,1.1567719428646153,1.1567719428646153,0.0,1
55079186600,0.01,1.2591004609168555,1.2591004609168555,1.2591004609168555,0.0,1
55079185300,0.02,2.2132310814631166,1.6601601926449676,2.8648762866851127,0.31480004501403647,9
55079186400,0.0,,,,,0
55079186300,0.01,1.5994127509768183,1.5994127509768183,1.5994127509768183,0.0,1
55079101700,0.01,2.3802201009166004,2.3802201009166004,2.3802201009166004,0.0,1
55079101500,0.01,2.351787935869273,2.351787935869273,2.351787935869273,0.0,1
55079006600,0.0,2.107371913289323,2.107371913289323,2.107371913289323,0.0,1
55079013500,0.01,1.9423742837956164,1.9423742837956164,1.9423742837956164,0.0,1
55079090700,0.0,2.2642227052853396,2.168581675610932,2.3598637349597475,0.09564102967440768,2
55079014900,0.01,,,,,0
55079021700,0.02,2.1814741515348737,1.9678742059418897,2.2470942543779375,0.06610225394254633,15
55079004600,0.01,,,,,0
55079012800,0.02,2.403165658079609,2.3415620323034965,2.464769283855721,0.061603625776112336,2
55079003400,0.02,2.386230496362318,2.174531382327424,2.5864472009798942,0.16835982242121367,3
55079120203,0.01,2.705215712698225,2.4774929164577744,2.8340629607593044,0.16148855407144092,3
55079004200,0.0,,,,,0
55079080300,0.01,2.1793942410287976,2.1639561406213383,2.196028950902598,0.013120980539975487,3
55079020800,0.01,2.034224661773384,2.034224661773384,2.034224661773384,0.0,1
55079020900,0.01,,,,,0
55117010502,0.06,2.636898688442563,1.9751932303553952,3.0846432653023865,0.2773445750692405,40
55117011400,0.01,2.7522032288825335,2.7522032288825335,2.7522032288825335,0.0,1
55117010601,0.01,2.8279286369126138,2.7497431243923236,2.94674961499465,0.06301830270403438,8
55117010501,0.03,2.3442977490487875,1.4106520240147788,2.8374866314388405,0.2834475579283247,43
55117000201,0.01,2.8298233797491372,2.8298233797491372,2.8298233797491372,0.0,1
55117010602,0.09,2.867458650361103,2.4412375048850206,3.19871095596662,0.16712405348280732,92
55117000202,0.0,2.9581817439205786,2.9214604229379404,2.994903064903217,0.03672132098263825,2
55087010200,0.01,0.30262363961034233,0.24638900274084477,0.3588582764798399,0.056234636869497576,2
55087010100,0.01,0.3902504110783067,0.22745767681739282,0.5530431453392206,0.1627927342609139,2
55097960701,0.0,7.523357465654582,6.3058006330389675,9.357847014556636,0.7759900338347466,21
55097960702,0.01,7.527101346158183,6.443924203956295,9.017209255983557,0.6160094792909321,14
55097961000,0.01,6.332746078278078,6.069162705874544,6.509079683377495,0.18989668804343715,3
55097960900,0.01,6.939752062671249,6.939752062671249,6.939752062671249,0.0,1
55097961100,0.1,4.73244605792035,1.7905262330043643,6.387147592413099,0.8395720051682151,108
55097960800,0.0,7.085769233482338,6.675731455566713,7.551292379582981,0.3304122900096513,6
55097960400,0.01,7.112631328273147,6.405766635785693,7.722314021913386,0.40605572160682885,7
55117001000,0.01,1.701389082567988,1.5289652045772133,1.9650134159959927,0.18933683032160392,3
55117000500,0.01,2.702767148998401,2.702767148998401,2.702767148998401,0.0,1
55117000400,0.02,2.634880919638774,2.4625614979371706,2.804445837501485,0.11359583145183279,7
55117000300,0.02,2.8798655298792974,2.805734201508989,2.9714074529334047,0.05680406366462762,7
55117011100,0.16,2.225489277460463,1.128016581852737,3.7140579489614565,0.34761934478338696,194
55117010900,0.11,2.234105429869933,0.9244262205465311,3.158095408725997,0.34045028623041523,100
55117000900,0.01,2.1344398428201177,1.777243253656859,2.4171129749227553,0.20013982859182916,9
55041950400,0.02,1.700044954314352,0.15595252723010516,3.0792003100528014,0.3739671597310991,313
55041950200,0.13,1.9597758383705886,-0.4496176701195476,2.822189952272219,0.40126391897158964,755
55041950300,0.02,1.574626043046059,0.03190362151068875,2.1510311858918474,0.3675893512048118,327
55041950100,0.2,2.1383622996360736,-0.33300859507294955,5.236139703728644,0.5222912079496382,1325
55097960500,0.05,7.0060067175021,5.721294569826963,8.844022570863526,0.7969836177071364,69
55097960300,0.01,5.8866845145939575,5.443481603493385,6.496397083249202,0.3030033745868259,8
55097960200,0.46,4.990216624330778,3.111231707650348,9.162446382516736,0.891159983092863,448
55097961200,0.22,4.5807396695128455,3.491385365662632,6.303483706426752,0.4533035311947012,360
55097960600,0.15,6.211420452135506,3.7013412193570265,10.059939961951782,1.057869405757939,233
55097961300,0.3,4.2003468100812205,2.3589783517331804,6.129379055779746,0.4035109512719153,464
55097960100,0.3,6.567063555069581,5.356665443634457,10.193992736814197,0.6923365330379316,379
55117010200,0.05,3.3086420928661875,2.4550430724111068,3.837168653649953,0.29335764929605335,47
55117010400,0.21,2.8552194473676202,2.2282851140460007,4.50072561269172,0.3635995372685516,190
55117010300,0.13,3.750883159466753,1.8697350473208982,6.105869131086784,0.9977171523199219,98
55117011000,0.06,2.42991982440522,2.1211988126908294,2.642247458996473,0.08467563284888754,90
55117011200,0.1,2.2970664206812805,1.496151144023004,2.641866457158022,0.15280430041469645,98
55117011300,0.21,2.7408311941126096,2.244743342658476,3.615314726845302,0.25133821955784774,112
55071005300,0.0,6.903704655541096,6.903704655541096,6.903704655541096,0.0,1
55071005200,0.01,6.177256296450014,5.707733284363678,6.624970578393594,0.2729747598781301,10
55117010800,0.05,2.5319106641670426,2.29683663001961,2.6724190443804776,0.09350392707806014,67
55117010700,0.03,2.735449987222562,2.0020253138284443,3.12548375650469,0.2324723377319576,39
55117010100,0.16,3.779467579200167,1.9647521378822717,5.566973584031538,0.6263061845437315,102
55117001100,0.01,2.132188893677466,1.8601982125545637,2.3550402435183764,0.18811778476783753,6
55117000800,0.01,2.4487718497162954,2.2287082887356604,2.612448856610438,0.14083972863350386,4
55117000100,0.01,2.926822313910117,2.8589375132264045,3.0125706398114493,0.05777614714392416,4
55073000700,0.0,7.086837493060257,6.716494809307058,7.399179839513227,0.19905135072294994,9
55073000500,0.01,7.531215876074786,7.293613982226482,7.768817769923089,0.23760189384830355,2
55073000300,0.0,6.386430809576763,5.889010547322193,8.281523236876266,0.5931045229774976,15
55073000200,0.01,7.0156806369207905,6.716296842796344,7.445795066241269,0.3118330629641381,3
55073000100,0.01,8.345070923808677,8.345070923808677,8.345070923808677,0.0,1
55009021600,0.25,1.9325765518708502,0.3585074840012001,3.444291182328409,0.4360250793959737,89
55009001701,0.04,1.5932215489148156,1.568969711600804,1.6174733862288273,0.024251837314011704,2
55009020503,0.05,1.5164809977904143,1.2624288593786421,1.7322433134942248,0.15652319109676002,8
55071010500,0.06,5.693001308922206,4.752748414826716,8.106703875603134,0.5456482275572974,148
55071000600,0.01,5.53764491679717,5.267749797926074,6.097045299771549,0.24179370560365746,16
55071000500,0.01,5.283863786459486,5.1915214806964975,5.375577298052228,0.07065557035515489,4
55071000300,0.0,5.97738623398313,5.409801977875892,6.957113370398588,0.3912013509077251,21
55071000200,0.0,6.109102553431596,5.584469331521674,6.750329287351959,0.42370571893307657,7
55071010700,0.01,6.008420605885135,4.81701811616007,7.615781599898419,0.6379634999577515,25
55071010200,0.17,3.856238035726332,1.3807236003415106,7.200029106469135,1.1347735956568892,296
55071010600,0.15,5.557041051782372,3.835120713658018,8.170654165151882,0.9233239294031335,235
55071010400,0.18,4.515554147003952,2.8589989135620493,8.11896707868748,0.96798340432323,277
55071010300,0.18,3.077939557862247,1.9969357019200493,6.914688179223313,0.7060392128874498,287
55071010100,0.14,4.905874040199299,3.1982195984942705,8.11146962045441,0.8878854417502113,186
55071005400,0.0,6.408037230478531,5.6829755615106015,7.735539986012262,0.5440793352002103,16
55071005100,0.01,6.923041514702761,6.263541462407557,8.128463412287873,0.5861926655058448,8
55071000800,0.02,5.130076554733287,5.024962565745926,5.4302520441185544,0.12984250452443816,7
55073001104,0.01,7.6552172103087255,7.122957385015949,8.123409011822545,0.3026867453016702,10
55073001103,0.01,7.71466579451495,6.6438720696397615,8.294519891299592,0.45050738723668593,10
55073000900,0.01,8.128079519638883,7.662253120273674,8.869262236284513,0.36218692493318005,6
55073000800,0.01,7.359854185835022,7.154412107989447,7.749380050322314,0.2075612767744391,6
55073001102,0.17,6.166264976408641,5.28364984282771,7.5903623756354515,0.5529213498218241,144
55073001400,0.05,7.481610434470998,6.648075004347328,9.304317434087647,0.5987111244361271,106
55073001300,0.05,7.192778735338899,6.112368680534736,8.800690443575666,0.5818855438771369,67
55073001000,0.01,8.373975893901523,8.02107903162251,9.219575283116345,0.36618532780365254,8
55009020703,0.05,1.3707168985072542,1.078144065183586,1.524685165463116,0.1252803829052171,17
55009020203,0.33,1.8877721621927475,1.055970812639904,2.7895499784242963,0.3053896211813925,112
55009020504,0.05,1.387860719969904,1.2064158417630881,1.7584777229538342,0.1423412787045549,16
55009020704,0.08,1.573938477653707,1.4307879473398393,1.7685077066744086,0.08565815039229907,18
55009020204,0.14,1.7236467892609268,-0.12107467388577665,2.5186421444832843,0.5414136921886199,44
55009001702,0.03,1.5466779318094777,1.4947087867684403,1.6316754375461948,0.060597691452187505,3
55071000700,0.01,5.265391272504505,5.123487595510817,5.470808353865464,0.1143553300998258,9
55071000400,0.01,5.479381851204589,5.318300764746685,5.670546652704742,0.12313074337894397,5
55071000100,0.01,5.961536346178889,5.627721889107905,7.064455354410632,0.3647125949722395,21
55077960500,0.09,4.545699605036162,4.126141998678125,5.0841247362417725,0.24462784175073854,174
55077960400,0.1,5.237987845965366,4.415132611578354,6.147128853006863,0.3987839248759529,201
55077960200,0.13,4.0755401689921555,3.4775783972678127,4.745872309878948,0.2346329353596688,273
55077960100,0.15,3.856986309426675,3.34510740725508,4.279840277491279,0.255508132503663,320
55077960300,0.07,4.612831489459051,3.3765950828176043,5.608877922382893,0.5119420571523757,222
55127000902,0.02,14.099632980609584,11.641037427217215,15.750895445547606,1.3692680798244063,7
55127001502,0.04,13.157411714169163,9.675621625126407,15.827615905962897,1.8540222542303373,15
55127000702,0.06,10.217868655315113,9.992524348449141,10.549235457128443,0.19869527064895523,6
55127000501,0.01,,,,,0
55127000302,0.55,11.427750245988092,7.991095176464412,16.463627381926027,1.6981464250698377,168
55127001501,0.09,13.43586807302,11.97602964205537,15.330852337914394,0.9469715363294848,20
55127001603,0.09,12.618908199427203,12.279329545570295,13.152726967149114,0.2668661713287173,17
55127000701,0.03,10.076318051818935,9.933191822727538,10.323927011882002,0.10303618203861625,12
55127001701,0.15,6.211107806411229,5.172912509772515,8.528553434280786,0.8577676338168597,48
55127001604,0.07,14.241720737211898,12.299555675452302,16.78344551659021,1.1028317095416036,30
55127001702,0.46,9.534624813833204,5.383473574472449,13.92575096588358,2.185781240179918,162
55073000602,0.01,7.129038453305957,7.103747246544055,7.148025968755015,0.018618157862412475,3
55073000601,0.0,7.305740820693587,7.238394316395115,7.430754852681934,0.08848654056798705,3
55073001202,0.09,5.672081652862559,5.01671064321613,6.754239022773538,0.3508094989205316,97
55073000400,0.01,6.578936345330811,5.639742481254687,7.495994596651919,0.5696008290179255,7
55073001201,0.15,5.79715019124458,5.275646007058228,6.9718556550912725,0.40229104572119895,158
55073002000,0.16,6.18409567727866,4.9406057867357,8.721990163614324,0.7439581645549616,190
55073001900,0.29,6.942590421877448,5.2392762191508115,8.997866451005537,0.5717169577489392,258
55073001500,0.21,5.975259752145461,4.707971762395287,8.809069220256033,0.8727989684940087,243
55073002100,0.26,6.076135419258292,1.1426553239747386,9.368386249239915,1.1979646417659684,270
55073001600,0.68,5.3393959122028205,4.440797359347897,8.461720787200976,0.5756873808759727,613
55073001700,0.45,5.73487410755614,4.885131920269567,8.784062103493754,0.5886569886459139,416
55073001800,0.52,4.713957251196982,1.5226776434405824,6.708757829179711,0.6631452082721963,568
55073002300,0.47,6.650039153411652,2.3385120058447733,9.180553967637184,0.7763448283549529,650
55073002200,0.2,6.881560693868636,5.462887707131281,9.289091674263464,0.6009548773194293,261
55069961000,0.0,2.3121157699750534,0.7699912775186046,3.973473102719595,0.8533743168653046,18
55009021400,0.39,1.524871710139074,0.8333524440370648,2.490524202580837,0.2148886466789647,151
55009021500,0.66,1.4298411347284365,0.04247629678146882,2.296128548957579,0.43225253104818995,182
55009020502,0.09,1.934321864104961,1.4200118227021952,3.3113344057563836,0.39991468170169103,38
55009002003,0.02,1.3739117266072118,0.750796158267456,2.0053304888162398,0.28565300958126,14
55009002001,0.03,1.56729430990608,1.5235482286845539,1.6444903780914293,0.03797457594887177,9
55009020100,0.97,1.324579353553869,-0.047843678690766105,2.5544077040373407,0.4157365726465459,268
55127000502,0.02,9.436204722871226,8.3059727450587,12.545952214519948,1.3303723004952284,9
55127000301,0.41,9.42408670531122,4.78266414391976,15.754687364322917,2.3642907000758027,173
55127000901,0.03,11.471482915736987,10.146273697816975,14.024907712150664,1.1109826183697917,22
55127000101,0.06,11.129750575291226,6.756777172158274,16.752990743043682,2.60801636194593,32
55127000102,0.08,7.909634492678048,4.014025688399498,15.35504441246676,2.5943979406781046,58
55127000400,0.01,11.680485584667712,9.898167411112995,14.516559608182826,1.570567078718418,6
55127000800,0.16,11.830827182225253,10.028516497742377,15.73502668748834,1.3350158055158012,58
55127000600,0.39,10.150940508252956,9.359771618590191,13.51868107586102,0.6921618770252396,187
55127000200,0.74,7.273989061659776,2.2071485134707625,12.74705174278868,1.7793568343205273,269
55127001602,0.14,11.972519132185084,7.960429533767985,15.522772562632628,1.997072897838029,44
55127001000,0.36,8.17832340816296,3.1926645065506762,14.619165037672301,2.8286653072735946,153
55069960900,0.01,2.370682123091608,2.203560047170578,2.5173566959375555,0.12892028410572318,3
55069960800,0.0,2.441578121141465,0.914002133923823,3.6050608725573463,0.8104369268479105,17
55069960600,0.16,4.068196335209446,1.3456464924670415,4.805163674099554,0.4672036269037146,382
55069960400,0.42,4.039064381784711,1.5322002043475504,6.388260165001915,0.5916279443323464,810
55069960300,0.08,3.296338538084839,2.8625997698857946,3.577139876327797,0.1563478854682953,279
55069960200,0.01,3.0900403054338903,2.8774924257826098,3.2195070397805816,0.10010487529978264,18
55069960100,0.13,2.4844137900457928,-0.13329118706284948,3.662097682324469,0.7105195009917229,280
55069960700,0.14,3.5303438640863045,1.5879772722830179,4.07802597485882,0.45625553153271803,285
55069960500,0.08,3.2558533341484748,2.3835970976176744,3.946322297090966,0.31146540378070275,256
55009001802,0.11,1.3386329330503197,0.5653166255052244,1.6433103345561313,0.27225640668012,38
55009001801,0.06,1.2347603262848659,1.027895896095671,1.4878080277883996,0.1578823497572321,13
55009940003,0.01,1.5513671144483787,1.5082689131472569,1.6225272424118462,0.04404944942165712,4
55009001400,0.02,1.7489765434530689,1.707262027601735,1.7906910593044028,0.0417145158513339,2
55009001300,0.01,1.8105843565961564,1.7321943450586552,1.8889743681336575,0.07839001153750114,2
55009001200,0.01,,,,,0
55009001100,0.0,1.6869581380644871,1.6814642787595497,1.6924519973694245,0.0054938593049373985,2
55009001000,0.01,1.7472175276968307,1.7165118342951498,1.7779232210985114,0.030705693401680834,2
55009000900,0.03,1.6549874417190862,1.6418549008252379,1.664256084212617,0.00954465076800362,3
55009000800,0.0,1.8766707670529468,1.8052108526516533,1.94813068145424,0.0714599144012934,2
55009000700,0.0,1.8353474192066048,1.7362824778597046,1.966151371162446,0.09648989799587883,3
55009000600,0.01,1.746304148239342,1.7374267568786224,1.7551815396000616,0.008877391360719633,2
55009000500,0.02,1.7302218283359483,1.7302218283359483,1.7302218283359483,0.0,1
55009000402,0.01,1.68930674644939,1.644661422976614,1.7339520699221662,0.044645323472776055,2
55009000401,0.0,1.7187741033973083,1.6930880031515196,1.7444602036430972,0.025686100245788764,2
55009000303,0.01,2.0222030569960774,2.0222030569960774,2.0222030569960774,0.0,1
55009000200,0.01,1.6402009773271367,1.5627944952295578,1.6859938920280046,0.055039901135661526,3
55009000100,0.03,1.4917393434457002,1.0506065337767039,1.6727947981931959,0.2024796442648168,11
55009020702,0.29,1.4069053898388797,0.02430586782389277,1.7529694831222578,0.22930378144711724,118
55009010300,0.03,1.169489076403995,0.5892270199938919,1.4536332374375587,0.23669405154374873,20
55009010202,0.01,1.0782809974964889,0.928152011259679,1.1861512205440967,0.0982204371007055,7
55009020600,0.46,1.5159774235480872,0.3726569268076241,2.187252818051426,0.28750437192622547,160
55009002002,0.01,1.571990169754534,1.5529039068730965,1.5910764326359716,0.019086262881437555,2
55009001600,0.01,1.6715517471676116,1.6393382532196539,1.725627625419983,0.03847022072796157,3
55009021303,0.05,1.8964171775497565,1.2203594961802482,2.462115405650701,0.37773441405712566,12
55009021304,0.02,1.4035126843576782,1.117693422042779,1.7052862340976505,0.2725393903326129,4
55009021302,0.01,1.4167093824470867,1.0890262187897697,1.5993924581246088,0.21077160356295033,7
55009021301,0.0,1.6626996094477384,1.5589994069299216,1.8512154590188596,0.11391394543394422,4
55009940001,0.55,1.2659958117603047,0.18547168706957484,2.184135382409854,0.2926980808285432,137
55009010201,0.01,1.062200789723842,0.7980413787438705,1.3521291741296972,0.19802703613723924,6
55009940002,0.05,1.322713075929532,0.8148138639376998,1.874333839981319,0.23417584525527047,12
55009000302,0.02,1.8811122182398983,1.7238452133648918,2.042973033774557,0.13032387543382934,3
55009940004,0.01,1.7737480556862928,1.6610299956923502,1.8864661156802351,0.11271805999394247,2
55009021200,0.02,1.579773305616218,1.2302299786571065,1.9112620266915186,0.25242064357750355,4
55009021100,0.01,,,,,0
55009021000,0.03,1.7792715140338888,1.5621435544932345,1.9664482114231157,0.16885055512353198,4
55009020900,0.0,2.295126613296772,2.20921021787931,2.381043008714234,0.08591639541746199,2
55009020800,0.03,2.013773210223668,1.8599195151665655,2.223146015044684,0.15644228888366601,4
55009010100,0.01,1.2893976867400905,0.9655487018501765,1.5066127991442793,0.20681830992211697,5
55027962000,0.01,3.273211980771142,3.273211980771142,3.273211980771142,0.0,1
55027961300,0.01,3.0290663230049537,2.9273893813261593,3.1966400592276454,0.06251112217901755,15
55027961200,0.04,3.2247295222506023,3.1212726124338737,3.378579696939442,0.07297018650088115,25
55027961400,0.21,3.1034246273097956,2.0859891388746767,3.843063790990655,0.21068997595883784,230
55027960500,0.08,4.115869045724578,2.9897909483075127,6.660384412185139,0.7747734748641814,104
55027961900,0.01,3.3470825402724493,3.1452610871980755,3.49108172011792,0.10314168846958882,8
55027961700,0.22,3.2544711721792248,2.144925940677634,3.9125678720229953,0.34113028899721026,210
55027961100,0.12,3.282889481750753,2.763483408259644,3.646281674047473,0.13388995276739404,123
55027960300,0.02,3.07416193231243,2.930352939401502,3.440800644886529,0.12928239571329775,12
55027960100,0.18,3.0673125882473444,2.28504627040439,4.029988528441495,0.3673538261017366,151
55027961800,0.38,3.817794275655378,1.463528353858292,5.370864609895694,0.4401228689593571,337
55027960200,0.28,3.2321012430130627,2.520795517694772,4.42581738355328,0.25032269335550705,323
55027961000,0.01,2.94200000743815,2.4739553102246856,3.2980844263655062,0.28281288392957343,6
55027960900,0.01,3.1186945960564305,2.936735745687769,3.3095205004245334,0.152317840552815,3
55027960800,0.01,3.019955776263974,2.9479339040139196,3.117631804627475,0.07161445925966752,3
55027960700,0.01,2.5954826860010685,2.119489716888891,2.8928822723098175,0.21080929370561632,9
55027960600,0.24,3.2446181305006383,0.9415897009628885,7.9286648174277765,0.9477989910205712,191
55087012505,0.04,0.8139511385150284,0.2520462681628256,1.1061107562580248,0.20583456208720227,23
55087012503,0.03,1.0887750268764758,0.9765436979294532,1.1880811218190488,0.07075787495452238,6
55087012504,0.01,1.1966147565571705,1.0875848342568957,1.2922744666576627,0.061058978051654084,9
55087012901,0.26,1.440778271407506,1.1920384591973643,1.4937718354042597,0.05331426330924383,98
55087012601,0.08,0.47339171527041146,0.0031197692022700146,0.774476628169346,0.1915985842664786,54
55089610101,0.17,1.8284809602331764,0.7250181778691175,2.799000053048128,0.45912377069291627,93
55089610102,0.16,2.976732780123493,2.074736232998709,4.388058793083515,0.41150837915126126,102
55089660201,0.11,1.429657637025937,0.10790317156870735,2.1288222057949406,0.37917672531426855,50
55089660202,0.03,1.2094156400129916,0.2871618191483737,1.8039648424554637,0.3552892478103939,39
55089660100,0.01,0.8005511125475041,0.6731797856605337,0.9279224394344745,0.1273713268869704,2
55027960400,0.21,3.2364476558092,1.2203229516395864,4.053071119153501,0.3375686035383296,218
55027961600,0.27,3.1311193882959074,2.2154002809880025,3.378184078462946,0.1778259025181257,180
55027961500,0.12,3.0966219981306096,2.0410937408245835,4.581925901133928,0.30117044501293727,184
55109120903,0.05,5.90379200229113,5.107501531425784,7.287348547980464,0.3277359459794756,79
55109120501,0.1,6.0840741860183085,5.624936409767864,6.655247233129969,0.16778510020183968,59
55109120901,0.01,6.013812947812456,5.647421969984958,6.959821781516277,0.2486923268303206,39
55109120201,0.01,5.288680435711086,4.947094732556448,5.587001262040619,0.18050610883585658,7
55109120502,0.01,6.272636749973229,5.8764482400706175,6.904257127277832,0.2520854583521279,39
55005001002,0.11,3.9627670081755,2.4984687273989494,4.940267011423708,0.28236073195838146,185
55005001001,0.09,4.1688630824599375,3.140633440897741,4.919138697670137,0.2841635997851348,200
55005000600,0.03,4.248840849662866,3.6104023989070035,4.847241278275551,0.2371040716225054,27
55005000200,0.13,4.320817680265996,3.313564056317698,6.9579439304253645,0.6880592508495649,187
55005000500,0.01,4.374799843726234,3.9410958285092814,4.939054216050499,0.26449814548496664,19
55005000300,0.16,4.460686187768609,3.8207607356462865,6.912115447042095,0.44185102607573107,271
55005000900,0.33,4.346365197525088,3.992199725292973,6.359209238515748,0.2464707554103033,560
55005000100,0.2,6.105133761492573,3.64765771935417,9.457104961934478,1.285630054345031,367
55005000800,0.21,3.958733525448761,2.7318632761552366,6.673601086088779,0.5759987915624726,269
55005000400,0.06,4.557815311600554,3.8341345040115073,7.078456804762077,0.5680788946035205,216
55087012902,0.22,1.304185366913332,0.9461444065109298,1.4762382862641663,0.12268790078330283,83
55087012602,0.36,0.696266896099185,-0.30258933906966606,1.4388662925794433,0.4475621654689898,126
55087012506,0.04,0.152632736568417,-0.37216096694759637,0.351325884304677,0.24409227911338097,10
55087013100,0.35,2.1513580590657835,1.2256883707922799,4.020004259246536,0.5326462693220143,134
55087940000,0.41,1.3909544113203787,-1.1302963109294202,3.906725231374842,0.6819148683984593,161
55087011900,0.03,1.2174007206543793,0.9255533611637178,1.911057819614366,0.25644338285559004,11
55089650102,0.01,1.32856582992138,1.32856582992138,1.32856582992138,0.0,1
55089630202,0.04,1.1879594294922347,0.5043036999050705,1.5367085926340243,0.24601926214851358,16
55089630100,0.0,1.4012894001250085,1.2870852908226913,1.5154935094273254,0.11420410930231706,2
55089640200,0.12,1.2553406755218792,-0.4092050756215202,1.7920492548980165,0.46569623134306437,59
55089630201,0.07,1.864750442083893,0.7295537139274035,2.715783308839729,0.4783617580896905,47
55089660303,0.03,1.924859495707951,1.4755273904911255,2.5112487561243024,0.2583735410936629,16
55089640100,0.01,1.7641001663609674,1.5297054282771776,2.064460056730195,0.18021691650727037,6
55089620100,0.13,1.3667516337485415,0.1762557119664792,1.8402915061845448,0.3482870171016792,97
55089650300,0.05,1.6823272141660985,-0.06281178658684969,2.3008000367323707,0.3684601183551869,63
55089650200,0.01,1.040799642436146,0.366030520318258,1.4034014155642445,0.385611895979321,6
55089650101,0.01,1.1127893250488707,-0.08612731333965694,1.4925209128412704,0.4874931027652103,8
55089660304,0.01,1.8411648956072686,1.6386604269345155,2.021203561201888,0.1283002768836786,6
55089660301,0.05,1.5174920314419988,0.827122936393106,2.3342738416132063,0.33269240077237766,17
55109120904,0.18,5.689273865014646,4.567450512155998,7.059460938793646,0.34945344774929604,190
55109120202,0.01,5.678076569817728,5.190859711111733,7.007158390994582,0.3628860501960559,35
55109120100,0.01,5.523264958352716,5.469530092678694,5.574849443494407,0.04002538376579302,4
55109120400,0.12,5.867601976830229,4.721131005515458,7.418639325979424,0.4206821948274301,218
55109120300,0.01,5.657251424490851,5.107714665543917,6.527591478237296,0.3622132333824555,25
55109121000,0.1,5.51728220474813,3.766005352033866,6.50909497510094,0.4989382641137038,182
55109120800,0.19,4.828531796784345,3.6494964642456367,5.680202007893981,0.3456540869014186,275
55109120700,0.28,5.319014914015865,3.7372894599721707,7.598441429236048,0.5603549202771043,371
55109120600,0.28,5.796733591552529,4.711302898612167,7.465636956951623,0.38742603409032067,377
55087011800,0.01,0.6170540361424299,0.6170540361424299,0.6170540361424299,0.0,1
55087011700,0.01,0.2706357957731435,-0.21197271307428436,0.5759704441455589,0.3452372333706966,3
55087012400,0.02,0.9419627717503335,0.24001810201628948,1.2854710747965514,0.36884165497112836,5
55087012300,0.0,0.11376959944462495,0.11376959944462495,0.11376959944462495,0.0,1
55087012200,0.01,2.209207149181728,2.209207149181728,2.209207149181728,0.0,1
55087012700,0.28,0.6051525383228566,-0.46866764657971394,1.247317253574563,0.33583895605183883,148
55087012100,0.01,1.7065182074380552,0.6851211496328906,3.396129181505092,0.6509926074460349,11
55087012000,0.01,0.9127265731501683,0.08753104441236143,1.1964367602609922,0.3919137643984578,6
55087012800,0.82,1.0512899384996912,-0.15065223469463201,1.72247645209201,0.39219632352586337,278
55087013200,1.01,1.091994812743319,-1.3626591708863631,2.554288163646511,0.6637900058928947,352
55087011600,0.01,0.8456321756027194,0.6351520863819071,1.083288202859133,0.13023862344337142,8
55087011502,0.01,0.9765998470414433,0.803980086916703,1.1140792137127236,0.08728932858887445,12
55087011501,0.01,0.8066642857196257,0.8066642857196257,0.8066642857196257,0.0,1
55087011400,0.01,0.8472005398871985,0.746538343864619,0.9404173761928183,0.06985256538970276,4
55087011300,0.01,0.6567221499760831,0.6064936162345259,0.7069506837176405,0.05022853374155728,2
55087011200,0.01,0.5015844720415183,0.5015844720415183,0.5015844720415183,0.0,1
55087011102,0.01,0.08823348821888308,-0.9608569557686635,0.6985527375769355,0.44464808289284025,14
55087011101,0.02,0.7188934215300896,0.6479747436223472,0.789812099437832,0.07091867790774242,2
55115100500,0.01,2.4238593146753447,2.3879591907278606,2.4591008284473204,0.024650798431911664,11
55115100300,0.03,2.1331161413215507,0.4217111287515008,2.791169376756916,0.5306450480750875,113
55115100200,0.0,2.111509706802601,1.6783929930376948,2.360344217933802,0.16164020765422613,56
55115100100,0.1,2.4760277775948976,2.233865086645847,3.2264857878896325,0.1679084473730608,168
55115100900,0.19,2.891694859676469,2.452769542444614,3.453192376029255,0.26828122993850534,280
55115100400,0.01,2.3726709062247795,2.2631731724157294,2.503896138669801,0.07395489184658596,11
55115100600,0.22,3.3011704902635812,2.5050501484881624,4.145963212409522,0.28590447585253215,422
55115101100,0.18,2.2378977447869977,0.36615540783375466,4.272761863390987,0.34197609716968647,357
55115101000,0.17,2.7176318490207083,2.2083686817507773,4.930058282825665,0.5029333470120819,186
55115100800,0.18,4.357639163801435,3.792641642937374,5.156362275036788,0.267113190397207,393
55115100700,0.23,3.828024749401194,3.3621315356651054,4.09192160777334,0.1579396180475388,362
55065970400,0.15,7.618587240656298,6.695525128521217,8.848460744683624,0.4314070826358139,205
55065970300,0.35,6.415831448901326,5.841041388185131,7.471591122496782,0.37534862054309437,361
55065970200,0.21,6.5211265929008615,5.849569541342048,8.181535761718175,0.4807299811555293,256
55065970500,0.45,6.845932805121016,6.316560103076545,8.097098812942242,0.3851815056977219,526
55065970100,0.25,7.062505099879792,6.459328103469906,9.147721498527169,0.5377806755353802,295
55043960700,0.01,5.92182859606885,5.786023503913396,6.247023825408239,0.11256437680779316,21
55043961200,0.02,6.095971808225757,5.672150934743335,6.78296796549296,0.3006095285721576,165
55043960800,0.12,6.418841317031934,5.730351559773147,8.00188938006161,0.47827585783887594,265
55043961100,0.1,6.077491115803466,5.746946271954303,6.566535577002735,0.15389946619484776,204
55043960100,0.14,5.8314620021035815,5.323526509098819,7.441090580503169,0.3742759898445586,374
55043960300,0.1,5.985654420199081,4.897719159203632,7.637599411279533,0.6558326742120617,251
55043960200,0.06,5.360846135595882,5.030037126116641,5.720010235866656,0.16655867945641353,99
55043960600,0.21,5.912513836401653,5.504846744478168,6.936692863224079,0.19146791178464265,499
55043960500,0.19,5.601980665146839,4.916431275452778,8.239937864507775,0.6261368676287942,604
55043960400,0.36,4.8781232190942765,3.8144776489915277,6.398780787438007,0.38602721737501056,541
55043961000,0.0,6.794899213131886,6.35817670595088,7.165610528018672,0.24889300231734504,19
55043960900,0.02,6.55861065241347,6.217302689122915,7.05648407511682,0.21420809860110265,31
55087011000,0.01,0.2332271429997582,0.17070711533330182,0.3158924813475955,0.053731724625022195,4
55087010900,0.01,0.1144879970524088,-0.020264494193573443,0.19246232674661518,0.09567652031273377,3
55087010800,0.01,-0.6775209508549805,-1.2449409570925165,-0.21578927028061018,0.4267441194697829,3
55087010700,0.01,0.21396322961348802,0.044530428035693265,0.3833960311912828,0.16943280157779478,2
55087010602,0.01,0.7174459820952874,0.6321422339504137,0.8027497302401613,0.08530374814487379,2
55087010601,0.0,0.741295984879139,0.5438485704254781,0.8727929887572687,0.1275225741173236,4
55087010500,0.01,0.5175632983970376,0.3489021660015514,0.6862244307925238,0.16866113239548622,2
55087013300,0.3,1.3211841873354273,-0.9210733692346188,1.6226483218778576,0.31328619120967327,104
55087010300,0.01,0.43899062943159106,0.43899062943159106,0.43899062943159106,0.0,1
